Employee Name,Employee Number,DOB,Sex,Date of Hire,Date of Termination,Reason For Term,Employment Status,Department,Position,Manager Name,Employee Source,Performance Score,Degree,Pay Grade,Communication-Before,Communication-After,Communication Traning,Leadership - Before,Leadership - After,Leadership Development,Mentoring Role,Engagement Score,IQ,Management
"Brown, Mia",1103024456,1985/11/24,Female,2008/10/27,,N/A - still employed,Active,Admin Offices,Accountant I,Brandon R. LeBlanc,Social Media,Needs Improvement,Bachelor,2,1.93,1.91,No,,,,Mentee,3.19 ,110,No
"LaRotonda, William  ",1106026572,1984/4/26,Male,01/06/2014,,N/A - still employed,Active,Admin Offices,Accountant I,Brandon R. LeBlanc,Website,Fully Meets,Bachelor,2,2.36,2.48,No,,,,Mentee,3.45 ,134,No
"Steans, Tyrone  ",1302053333,1986/9/1,Male,09/29/2014,,N/A - still employed,Active,Admin Offices,Accountant I,Brandon R. LeBlanc,Social Media,Fully Meets,Master,2,2.34,2.46,No,,,,Mentee,3.42 ,138,No
"Howard, Estelle",1211050782,1985/9/16,Female,02/16/2015,,N/A - still employed,Active,Admin Offices,Administrative Assistant,Brandon R. LeBlanc,Job Fair,N/A- too early to review,Bachelor,1,,,,,,,Mentee,,94,No
"Singh, Nan ",1307059817,1988/5/19,Female,05/01/2015,,N/A - still employed,Active,Admin Offices,Administrative Assistant,Brandon R. LeBlanc,Website,N/A- too early to review,Associate,1,,,,,,,Mentee,,107,No
"Smith, Leigh Ann",711007713,1987/6/14,Female,09/26/2011,2013/9/25,career change,Voluntarily Terminated,Admin Offices,Administrative Assistant,Brandon R. LeBlanc,Website,Fully Meets,Bachelor,1,2.08,2.18,No,,,,Neither Mentor nor Mentee,2.76 ,99,No
"LeBlanc, Brandon  R",1102024115,1984/6/10,Male,01/05/2016,,N/A - still employed,Active,Admin Offices,Shared Services Manager,Janet King,Social Media,Fully Meets,Master,4,2.93,4.40,Yes,3,3,No,Both Mentor and Mentee,3.36 ,104,Yes
"Quinn, Sean",1206043417,1984/11/6,Male,02/21/2011,2015/8/15,career change,Voluntarily Terminated,Admin Offices,Shared Services Manager,Janet King,Social Media,Fully Meets,Master,4,3.00,3.15,No,,,,Neither Mentor nor Mentee,2.78 ,154,Yes
"Boutwell, Bonalyn",1307060188,1987/4/4,Female,02/16/2015,,N/A - still employed,Active,Admin Offices,Sr. Accountant,Brandon R. LeBlanc,Job Fair,N/A- too early to review,Bachelor,3,,,,,,,Mentee,,90,No
"Foster-Baker, Amy",1201031308,1979/4/16,Female,01/05/2009,,N/A - still employed,Active,Admin Offices,Sr. Accountant,Board of Directors,Social Media,Fully Meets,Bachelor,3,2.76,2.90,No,,,,Mentee,3.68 ,89,No
"King, Janet",1001495124,1954/9/21,Female,07/02/2012,,N/A - still employed,Active,Executive Office,President & CEO,Board of Directors,Headhunter,Fully Meets,Bachelor,6,,,,5,5,Yes,Both Mentor and Mentee,,125,Yes
"Zamora, Jennifer",1112030816,1979/8/30,Female,04/10/2010,,N/A - still employed,Active,IT/IS,CIO,Janet King,Employee Referral,Exceptional,Doctorate,6,4.64,5.00,Yes,4,4,No,Both Mentor and Mentee,4.62 ,175,Yes
"Becker, Renee",1102024056,1986/4/4,Female,07/07/2014,2015/9/12,performance,Terminated for Cause,IT/IS,Database Administrator,Simon Roup,Social Media,Fully Meets,Bachelor,2,2.34,2.46,No,,,,Mentee,2.83 ,101,No
"Goble, Taisha",905013738,1971/10/23,Female,02/16/2015,2015/3/15,attendance,Terminated for Cause,IT/IS,Database Administrator,Simon Roup,Social Media,Fully Meets,Bachelor,2,2.41,2.53,No,,,,Mentee,2.80 ,149,No
"Hernandez, Daniff",1410071156,1986/8/7,Male,02/16/2015,2015/2/22,attendance,Terminated for Cause,IT/IS,,Simon Roup,Employee Referral,N/A- too early to review,Bachelor,2,,,,,,,Neither Mentor nor Mentee,,91,No
"Horton, Jayne",1105025718,1984/2/21,Female,03/30/2015,,N/A - still employed,Active,IT/IS,Database Administrator,Simon Roup,Social Media,N/A- too early to review,Bachelor,2,,,,,,,Mentee,,100,No
"Johnson, Noelle ",1003018246,1986/11/7,Female,01/05/2015,,N/A - still employed,Active,IT/IS,Database Administrator,Simon Roup,Social Media,N/A- too early to review,Bachelor,2,,,,,,,Neither Mentor nor Mentee,,125,No
"Murray, Thomas",1406068403,1988/7/4,Male,11/10/2014,,N/A - still employed,Active,IT/IS,Database Administrator,Simon Roup,Employee Referral,Exceptional,Master,2,3.33,5.00,Yes,,,,Both Mentor and Mentee,4.41 ,140,No
"Pearson, Randall",1102023965,1984/9/5,Male,12/01/2014,2016/5/1,performance,Voluntarily Terminated,IT/IS,Database Administrator,Simon Roup,Social Media,Fully Meets,Bachelor,2,2.35,2.46,No,,,,Mentee,2.61 ,137,No
"Petrowsky, Thelma",1108027853,1984/9/16,Female,11/10/2014,,N/A - still employed,Active,IT/IS,Database Administrator,Simon Roup,Employee Referral,Exceptional,Master,2,3.35,5.00,Yes,,,,Both Mentor and Mentee,4.41 ,186,No
"Roby, Lori ",1407068885,1981/10/11,Female,02/16/2015,,N/A - still employed,Active,IT/IS,Database Administrator,Simon Roup,Social Media,Fully Meets,Bachelor,2,2.36,2.47,No,,,,Mentee,3.40 ,137,No
"Rogers, Ivan",1203032255,1986/8/26,Male,03/30/2015,,N/A - still employed,Active,IT/IS,Database Administrator,Simon Roup,Job Fair,N/A- too early to review,Bachelor,2,,,,,,,Mentee,,98,No
"Salter, Jason",1111030148,1987/12/17,Male,01/05/2015,2015/10/31,hours,Voluntarily Terminated,IT/IS,Database Administrator,Simon Roup,Headhunter,N/A- too early to review,Master,2,,,,,,,Neither Mentor nor Mentee,,125,No
"Simard, Kramer",808010278,1970/2/8,Male,01/05/2015,,N/A - still employed,Active,IT/IS,Database Administrator,Simon Roup,Employee Referral,N/A- too early to review,Bachelor,2,,,,,,,Mentee,,92,No
"Zhou, Julia",1110029732,1979/2/24,Female,03/30/2015,,N/A - still employed,Active,IT/IS,Database Administrator,Simon Roup,Employee Referral,N/A- too early to review,Bachelor,2,,,,,,,Mentee,,127,No
"Foss, Jason",1192991000,1980/7/5,Male,04/15/2011,,N/A - still employed,Active,IT/IS,IT Director,Jennifer Zamora,Employee Referral,Exceptional,Doctorate,5,4.32,5.00,Yes,4,5,Yes,Both Mentor and Mentee,4.58 ,189,Yes
"Roup,Simon",1106026933,1973/4/5,Male,01/20/2013,,N/A - still employed,Active,IT/IS,IT Manager,Jennifer Zamora,Headhunter,Fully Meets,Master,4,3.03,4.55,Yes,3,2,No,Both Mentor and Mentee,3.50 ,106,Yes
"Ruiz, Ricardo",1001175250,1964/1/4,Male,01/09/2012,2015/11/4,hours,Voluntarily Terminated,IT/IS,IT Manager,Jennifer Zamora,Website,Fully Meets,Bachelor,4,3.09,3.25,No,,,,Mentee,2.74 ,142,Yes
"Monroe, Peter",1011022863,1986/10/5,Male,02/15/2012,,N/A - still employed,Active,IT/IS,IT Manager,Jennifer Zamora,Job Fair,Fully Meets,Bachelor,4,2.98,4.47,Yes,2,2,No,Both Mentor and Mentee,3.54 ,99,Yes
"Dougall, Eric",1101023754,1970/7/9,Male,01/05/2014,,N/A - still employed,Active,IT/IS,IT Manager,Jennifer Zamora,Headhunter,Exceeds,Doctorate,4,3.53,5.00,Yes,3,5,Yes,Both Mentor and Mentee,3.95 ,148,Yes
"Clayton, Rick",1301052902,1985/9/5,Male,09/05/2012,,N/A - still employed,Active,IT/IS,IT Support,Eric Dougall,Social Media,Fully Meets,Bachelor,2,2.38,2.49,No,,,,Mentee,3.52 ,142,No
"Galia, Lisa",1501072093,1968/7/6,Female,05/01/2010,,N/A - still employed,Active,IT/IS,IT Support,Eric Dougall,Social Media,Fully Meets,Bachelor,2,2.50,2.62,No,,,,Mentee,3.62 ,96,No
"Lindsay, Leonara ",602000312,1988/10/5,Female,01/21/2011,,N/A - still employed,Active,IT/IS,IT Support,Eric Dougall,Employee Referral,Exceeds,Bachelor,2,2.88,4.41,Yes,,,,Both Mentor and Mentee,4.09 ,155,No
"Soto, Julia ",1203032263,1973/3/12,Female,06/10/2011,,N/A - still employed,Active,IT/IS,IT Support,Eric Dougall,Social Media,Fully Meets,Bachelor,2,2.46,2.58,No,,,,Mentee,3.57 ,134,No
"Bacong, Alejandro ",1212052023,1988/1/7,Male,01/05/2015,,N/A - still employed,Active,IT/IS,Network Engineer,Peter Monroe,Social Media,N/A- too early to review,Master,2,,,,,,,Mentee,,97,No
"Cisco, Anthony",1102024173,1989/11/24,Male,03/30/2015,,N/A - still employed,Active,IT/IS,Network Engineer,Peter Monroe,Employee Referral,N/A- too early to review,Bachelor,2,,,,,,,Mentee,,90,No
"Dolan, Linda",1101023540,1988/7/18,Female,01/05/2015,,N/A - still employed,Active,IT/IS,Network Engineer,Peter Monroe,Employee Referral,N/A- too early to review,Bachelor,2,,,,,,,Mentee,,94,No
"Gonzalez, Maria",1988299991,1981/4/16,Female,01/05/2015,,N/A - still employed,Active,IT/IS,Network Engineer,Peter Monroe,Social Media,Fully Meets,Bachelor,2,2.36,2.48,No,,,,Mentee,3.41 ,146,No
"Merlos, Carlos",1012023013,1987/6/18,Male,03/30/2015,,N/A - still employed,Active,IT/IS,Network Engineer,Peter Monroe,Headhunter,N/A- too early to review,Bachelor,2,,,,,,,Mentee,,93,No
"Morway, Tanya",1001956578,1979/4/4,Female,02/16/2015,,N/A - still employed,Active,IT/IS,Network Engineer,Peter Monroe,Social Media,Fully Meets,Bachelor,2,2.37,2.49,No,,,,Mentee,3.40 ,148,No
"Shepard, Anita ",906014183,1981/4/14,Female,09/30/2014,,N/A - still employed,Active,IT/IS,Network Engineer,Peter Monroe,Social Media,Fully Meets,Bachelor,2,2.37,2.48,No,,,,Mentee,3.42 ,116,No
"Tredinnick, Neville ",1104025466,1988/5/5,Male,01/05/2015,2015/5/12,medical issues,Voluntarily Terminated,IT/IS,Network Engineer,Peter Monroe,Social Media,Fully Meets,Bachelor,2,2.33,2.44,No,,,,Mentee,2.61 ,140,No
"Turpin, Jumil",1411071506,1969/3/31,Male,03/30/2015,,N/A - still employed,Active,IT/IS,Network Engineer,Peter Monroe,Employee Referral,N/A- too early to review,Master,2,,,,,,,Mentee,,112,No
"Ait Sidi, Karthikeyan   ",1307060199,1975/5/5,Male,03/30/2015,2016/6/16,gross misconduct,Terminated for Cause,IT/IS,Sr. DBA,Simon Roup,Headhunter,Fully Meets,Master,3,2.69,2.82,No,,,,Mentee,2.80 ,116,No
"Carr, Claudia  N",1010022337,1986/6/6,Female,06/30/2016,,N/A - still employed,Active,IT/IS,Sr. DBA,Simon Roup,Headhunter,N/A- too early to review,Doctorate,3,,,,,,,Mentee,,95,No
"Favis, Donald  ",1412071562,1964/7/30,Male,02/17/2014,2016/2/19,hours,Terminated for Cause,IT/IS,Sr. DBA,Simon Roup,Headhunter,Fully Meets,Master,3,2.76,2.90,No,,,,Mentee,2.85 ,118,No
"Roehrich, Bianca",1111030266,1973/5/27,Female,01/05/2015,2015/11/10,career change,Voluntarily Terminated,IT/IS,Sr. DBA,Simon Roup,Headhunter,N/A- too early to review,Master,3,,,,,,,Neither Mentor nor Mentee,,106,No
"Daniele, Ann  ",1411071312,1952/1/18,Female,11/10/2014,,N/A - still employed,Active,IT/IS,Sr. Network Engineer,Peter Monroe,Social Media,Fully Meets,Master,3,2.81,2.95,No,,,,Mentee,3.41 ,128,No
"Lajiri,  Jyoti",1108028108,1986/4/23,Male,11/10/2014,,N/A - still employed,Active,IT/IS,Sr. Network Engineer,Peter Monroe,Headhunter,Fully Meets,Master,3,2.64,2.77,No,,,,Mentee,3.41 ,137,No
"Semizoglou, Jeremiah  ",904013591,1983/2/9,Male,06/30/2016,,N/A - still employed,Active,IT/IS,Sr. Network Engineer,Peter Monroe,Job Fair,N/A- too early to review,Master,3,,,,,,,Mentee,,110,No
"South, Joe",1308060959,1965/9/9,Male,11/10/2014,,N/A - still employed,Active,IT/IS,Sr. Network Engineer,Peter Monroe,Employee Referral,Exceeds,Master,3,3.24,4.96,Yes,,,,Both Mentor and Mentee,3.91 ,151,No
"Warfield, Sarah",1301052347,1978/5/2,Female,03/30/2015,,N/A - still employed,Active,IT/IS,Sr. Network Engineer,Peter Monroe,Employee Referral,N/A- too early to review,Master,3,,,,,,,Mentee,,98,No
"Bramante, Elisa",1006020066,1983/3/19,Female,01/05/2009,,N/A - still employed,Active,Production       ,Director of Operations,Janet King,Headhunter,Exceeds,Bachelor,5,3.85,5.00,Yes,3,5,Yes,Both Mentor and Mentee,4.18 ,147,Yes
"Albert, Michael  ",1501072311,1968/10/10,Male,08/01/2011,,N/A - still employed,Active,Production       ,Production Manager,Janet King,Social Media,Fully Meets,Master,4,3.08,4.62,Yes,3,3,No,Both Mentor and Mentee,3.57 ,131,Yes
"Bozzi, Charles",1303054580,1970/3/10,Male,09/30/2013,2014/8/7,retiring,Voluntarily Terminated,Production       ,Production Manager,Janet King,Social Media,Fully Meets,Master,4,3.04,3.19,No,,,,Mentee,2.66 ,138,Yes
"Butler, Webster  L",1110029990,1983/8/9,Male,01/28/2016,,N/A - still employed,Active,Production       ,Production Manager,Janet King,Headhunter,Exceeds,Associate,4,3.43,5.00,Yes,4,4,Yes,Both Mentor and Mentee,3.86 ,114,Yes
"Dunn, Amy  ",1409070147,1973/11/28,Female,09/18/2014,,N/A - still employed,Active,Production       ,Production Manager,Janet King,Social Media,Fully Meets,Master,4,3.00,4.50,Yes,3,3,No,Both Mentor and Mentee,3.42 ,141,Yes
"Gray, Elijiah  ",1307060077,1981/7/11,Male,06/02/2015,,N/A - still employed,Active,Production       ,Production Manager,Janet King,Social Media,Fully Meets,Master,4,2.95,4.43,Yes,3,3,No,Both Mentor and Mentee,3.39 ,101,Yes
"Hogland, Jonathan ",1001944783,1972/7/1,Male,01/10/2011,2015/12/12,attendance,Terminated for Cause,Production       ,Production Manager,Janet King,Social Media,Fully Meets,Bachelor,4,3.07,3.22,No,,,,Mentee,2.99 ,114,Yes
"Immediato, Walter",1403065874,1976/11/15,Male,02/21/2011,2012/9/24,unhappy,Voluntarily Terminated,Production       ,Production Manager,Janet King,Website,Needs Improvement,Bachelor,4,2.54,2.52,No,,,,Neither Mentor nor Mentee,2.18 ,98,Yes
"Liebig, Ketsia",1103024679,1981/10/26,Female,09/30/2013,,N/A - still employed,Active,Production       ,Production Manager,Janet King,Headhunter,Exceeds,Master,4,3.48,5.00,Yes,3,5,Yes,Both Mentor and Mentee,3.96 ,157,Yes
"Miller, Brannon",1107027351,1981/8/10,Male,08/16/2012,,N/A - still employed,Active,Production       ,Production Manager,Janet King,Social Media,Fully Meets,Master,4,3.00,4.49,Yes,3,4,Yes,Both Mentor and Mentee,3.52 ,116,Yes
"Peterson, Ebonee  ",1402065355,1977/5/9,Female,10/25/2010,2016/5/18,career change,Voluntarily Terminated,Production       ,Production Manager,Janet King,Social Media,Fully Meets,Bachelor,4,3.05,3.20,No,,,,Mentee,2.80 ,146,Yes
"Spirea, Kelley",1102024149,1975/9/30,Female,10/02/2012,,N/A - still employed,Active,Production       ,Production Manager,Janet King,Social Media,Fully Meets,Master,4,3.02,4.54,Yes,3,4,Yes,Both Mentor and Mentee,3.51 ,154,Yes
"Stanley, David ",1000974650,1975/12/17,Male,07/20/2010,,N/A - still employed,Active,Production       ,Production Manager,Janet King,Job Fair,Needs Improvement,Bachelor,4,2.56,2.53,No,1,1,No,Both Mentor and Mentee,3.11 ,93,Yes
"Sullivan, Kissy ",1405067298,1978/3/28,Female,01/08/2009,,N/A - still employed,Active,Production       ,Production Manager,Janet King,Social Media,Fully Meets,Master,4,3.07,4.60,Yes,3,4,Yes,Both Mentor and Mentee,3.68 ,114,Yes
"Wallace, Courtney  E",1410071026,1955/11/14,Female,09/26/2011,2012/1/2,career change,Voluntarily Terminated,Production       ,Production Manager,Janet King,Social Media,Fully Meets,Bachelor,4,3.14,3.30,No,,,,Neither Mentor nor Mentee,2.76 ,133,Yes
"Adinolfi, Wilson  K",1409070522,1983/7/10,Male,07/05/2011,,N/A - still employed,Active,Production       ,Production Technician I,Michael Albert,Employee Referral,Exceeds,Master,2,2.91,4.44,Yes,,,,Both Mentor and Mentee,4.07 ,119,No
"Alagbe,Trina",1011022883,1988/9/27,Female,01/07/2008,,N/A - still employed,Active,Production       ,Production Technician I,Elijiah Gray,Website,Fully Meets,Bachelor,2,2.43,2.55,No,,,,Mentee,3.73 ,141,No
"Anderson, Carol ",1001417624,1989/9/8,Female,07/11/2011,2011/9/6,return to school,Voluntarily Terminated,Production       ,Production Technician I,Webster Butler,Employee Referral,N/A- too early to review,Associate,2,,,,,,,Neither Mentor nor Mentee,,111,No
"Anderson, Linda  ",1304055947,1977/5/22,Female,01/09/2012,,N/A - still employed,Active,Production       ,Production Technician I,Amy Dunn,Employee Referral,Exceptional,Bachelor,2,3.43,5.00,Yes,,,,Both Mentor and Mentee,4.54 ,181,No
"Athwal, Sam",1301052124,1983/2/18,Male,09/30/2013,,N/A - still employed,Active,Production       ,Production Technician I,Ketsia Liebig,Employee Referral,Fully Meets,Bachelor,2,2.37,2.49,No,,,,Mentee,3.46 ,117,No
"Bachiochi, Linda",1212051409,1970/2/11,Female,07/06/2009,,N/A - still employed,Active,Production       ,Production Technician I,Brannon Miller,Website,Fully Meets,Associate,2,2.50,2.63,No,,,,Mentee,3.66 ,134,No
"Baczenski, Rachael  ",1307060083,1974/1/12,Female,01/10/2011,2011/1/12,performance,Terminated for Cause,Production       ,Production Technician I,David Stanley,Job Fair,N/A- too early to review,Associate,2,,,,,,,Neither Mentor nor Mentee,,112,No
"Barbara, Thomas",1312063507,1974/2/21,Male,04/02/2012,2012/9/19,unhappy,Voluntarily Terminated,Production       ,Production Technician I,Kissy Sullivan,Job Fair,N/A- too early to review,Bachelor,2,,,,,,,Neither Mentor nor Mentee,,119,No
"Barone, Francesco  A",1101023679,1983/7/20,Male,02/20/2012,,N/A - still employed,Active,Production       ,Production Technician I,Kelley Spirea,Website,Fully Meets,Associate,2,2.39,2.51,No,,,,Mentee,3.54 ,90,No
"Barton, Nader",1212051962,1977/7/15,Male,09/24/2012,2013/4/6,career change,Voluntarily Terminated,Production       ,Production Technician I,Michael Albert,Website,Fully Meets,Associate,2,2.42,2.54,No,,,,Neither Mentor nor Mentee,2.71 ,109,No
"Beatrice, Courtney ",1403066194,1970/10/27,Female,04/04/2011,,N/A - still employed,Active,Production       ,Production Technician I,Elijiah Gray,Website,Fully Meets,Associate,2,2.47,2.60,No,,,,Mentee,3.58 ,96,No
"Becker, Scott",1110029777,1979/4/6,Male,07/08/2013,,N/A - still employed,Active,Production       ,Production Technician I,Webster Butler,Website,Fully Meets,Associate,2,2.39,2.51,No,,,,Mentee,3.47 ,127,No
"Bernstein, Sean",1109029366,1970/12/22,Male,04/02/2012,,N/A - still employed,Active,Production       ,Production Technician I,Amy Dunn,Website,Fully Meets,Associate,2,2.46,2.58,No,,,,Mentee,3.53 ,110,No
"Biden, Lowan  M",1412071844,1958/12/27,Female,08/19/2013,,N/A - still employed,Active,Production       ,Production Technician I,Ketsia Liebig,Website,Fully Meets,Bachelor,2,2.49,2.62,No,,,,Mentee,3.47 ,96,No
"Billis, Helen",1308060366,1989/9/1,Female,07/07/2014,,N/A - still employed,Active,Production       ,Production Technician I,Brannon Miller,Headhunter,Exceeds,Associate,2,2.83,4.32,Yes,,,,Both Mentor and Mentee,3.93 ,147,No
"Brill, Donna",1406068293,1990/8/24,Female,04/02/2012,2013/6/15,career change,Voluntarily Terminated,Production       ,Production Technician I,David Stanley,Website,Fully Meets,Bachelor,2,2.36,2.47,No,,,,Neither Mentor nor Mentee,2.73 ,104,No
"Bugali, Josephine ",1408069635,1969/10/30,Female,11/11/2013,,N/A - still employed,Active,Production       ,Production Technician I,Kissy Sullivan,Website,Fully Meets,Bachelor,2,2.44,2.56,No,,,,Mentee,3.46 ,114,No
"Carey, Michael  ",1311063114,1983/2/2,Male,03/31/2014,,N/A - still employed,Active,Production       ,Production Technician I,Kelley Spirea,Website,Fully Meets,Bachelor,2,2.36,2.48,No,,,,Mentee,3.44 ,139,No
"Chace, Beatrice ",1208048062,1951/1/2,Female,09/29/2014,,N/A - still employed,Active,Production       ,Production Technician I,Michael Albert,Website,Fully Meets,Associate,2,2.52,2.64,No,,,,Mentee,3.42 ,125,No
"Chan, Lin",1305057282,1979/2/12,Female,05/12/2014,,N/A - still employed,Active,Production       ,Production Technician I,Elijiah Gray,Website,Fully Meets,Associate,2,2.38,2.50,No,,,,Mentee,3.44 ,122,No
"Chang, Donovan  E",1111030129,1983/8/24,Male,07/08/2013,,N/A - still employed,Active,Production       ,Production Technician I,Webster Butler,Website,Fully Meets,Bachelor,2,2.37,2.49,No,,,,Mentee,3.47 ,108,No
"Chivukula, Enola",1101023394,1983/8/27,Female,06/27/2011,2015/11/15,relocation out of area,Voluntarily Terminated,Production       ,Production Technician I,Amy Dunn,Employee Referral,N/A- too early to review,Bachelor,2,,,,,,,Neither Mentor nor Mentee,,99,No
"Cierpiszewski, Caroline  ",1012023295,1988/5/31,Female,10/03/2011,,N/A - still employed,Active,Production       ,Production Technician I,Ketsia Liebig,Website,Fully Meets,Bachelor,2,2.38,2.49,No,,,,Mentee,3.56 ,116,No
"Clukey, Elijian",1407069280,1980/8/26,Male,07/06/2016,,N/A - still employed,Active,Production       ,Production Technician I,Brannon Miller,Employee Referral,Exceeds,Bachelor,2,2.84,3.75,Yes,,,,Mentee,3.84 ,98,No
"Cockel, James",1599991009,1977/9/8,Male,07/08/2013,,N/A - still employed,Active,Production       ,Production Technician I,David Stanley,Website,Fully Meets,Associate,2,2.40,2.52,No,,,,Mentee,3.47 ,136,No
"Cole, Spencer",1001450968,1979/8/12,Male,07/11/2011,2012/9/23,performance,Terminated for Cause,Production       ,Production Technician I,Kissy Sullivan,Job Fair,Needs Improvement,Associate,2,1.92,1.90,No,,,,Neither Mentor nor Mentee,2.27 ,99,No
"Cornett, Lisa ",1403066069,1977/3/31,Female,01/05/2015,,N/A - still employed,Active,Production       ,Production Technician I,Kelley Spirea,Website,N/A- too early to review,Associate,2,,,,,,,Mentee,,109,No
"Crimmings,   Jean",1311063172,1987/4/10,Female,07/06/2016,,N/A - still employed,Active,Production       ,Production Technician I,Michael Albert,Employee Referral,N/A- too early to review,Associate,2,,,,,,,Mentee,,119,No
"Darson, Jene'ya ",1001109612,1978/11/5,Female,07/02/2012,,N/A - still employed,Active,Production       ,Production Technician I,Elijiah Gray,Website,Fully Meets,Associate,2,2.41,2.53,No,,,,Mentee,3.52 ,133,No
"DeGweck,  James",1306058816,1977/10/31,Male,05/16/2011,2015/6/8,unhappy,Voluntarily Terminated,Production       ,Production Technician I,Webster Butler,Website,Fully Meets,Bachelor,2,2.44,2.56,No,,,,Neither Mentor nor Mentee,2.47 ,133,No
"Desimone, Carl ",1501072124,1967/4/19,Male,07/07/2014,,N/A - still employed,Active,Production       ,Production Technician I,Amy Dunn,Website,PIP,Associate,2,1.44,1.29,No,,,,Neither Mentor nor Mentee,2.73 ,120,No
"Dickinson, Geoff ",706006285,1982/11/15,Male,05/12/2014,,N/A - still employed,Active,Production       ,Production Technician I,Ketsia Liebig,Website,Fully Meets,Associate,2,2.36,2.48,No,,,,Mentee,3.44 ,129,No
"DiNocco, Lily ",1209048696,1978/12/2,Female,01/07/2013,,N/A - still employed,Active,Production       ,Production Technician I,Brannon Miller,Job Fair,Needs Improvement,Associate,2,1.90,1.88,No,,,,Mentee,3.00 ,97,No
"Dobrin, Denisa  S",1202031618,1986/10/7,Female,04/02/2012,,N/A - still employed,Active,Production       ,Production Technician I,David Stanley,Website,Fully Meets,Associate,2,2.38,2.50,No,,,,Mentee,3.53 ,111,No
"Eaton, Marianne",1406067865,1991/9/5,Female,04/04/2011,2013/6/6,career change,Voluntarily Terminated,Production       ,Production Technician I,Kissy Sullivan,Website,Fully Meets,Associate,2,2.37,2.49,No,,,,Neither Mentor nor Mentee,2.78 ,116,No
"Engdahl, Jean",1007020403,1974/5/31,Male,11/10/2014,,N/A - still employed,Active,Production       ,Production Technician I,Kelley Spirea,Website,Fully Meets,Bachelor,2,2.40,2.52,No,,,,Mentee,3.41 ,125,No
"England, Rex",1101023612,1978/8/25,Male,03/31/2014,,N/A - still employed,Active,Production       ,Production Technician I,Kelley Spirea,Employee Referral,Fully Meets,Bachelor,2,2.39,2.51,No,,,,Mentee,3.44 ,148,No
"Estremera, Miguel",1104025243,1983/9/2,Male,04/02/2012,2014/9/27,attendance,Terminated for Cause,Production       ,Production Technician I,Michael Albert,Job Fair,Needs Improvement,Associate,2,1.89,1.87,No,,,,Neither Mentor nor Mentee,2.23 ,120,No
"Evensen, April",1107027392,1989/5/6,Female,02/17/2014,2014/2/25,attendance,Terminated for Cause,Production       ,Production Technician I,Elijiah Gray,Employee Referral,N/A- too early to review,Associate,2,,,,,,,Neither Mentor nor Mentee,,102,No
"Ferguson, Susan",1502072511,1955/4/14,Female,11/07/2011,2014/5/17,career change,Voluntarily Terminated,Production       ,Production Technician I,Webster Butler,Website,Fully Meets,Bachelor,2,2.54,2.67,No,,,,Neither Mentor nor Mentee,2.75 ,137,No
"Fernandes, Nilson  ",1302053339,1989/10/18,Male,05/11/2015,,N/A - still employed,Active,Production       ,Production Technician I,Amy Dunn,Job Fair,N/A- too early to review,Associate,2,,,,,,,Mentee,,125,No
"Ferreira, Violeta",803009012,1986/6/10,Female,02/20/2012,,N/A - still employed,Active,Production       ,Production Technician I,Ketsia Liebig,Website,Fully Meets,Bachelor,2,2.38,2.50,No,,,,Mentee,3.54 ,117,No
"Fidelia,  Libby",1006020020,1981/3/16,Female,01/09/2012,,N/A - still employed,Active,Production       ,Production Technician I,Brannon Miller,Website,Fully Meets,Bachelor,2,2.41,2.53,No,,,,Mentee,3.54 ,97,No
"Garcia, Raul",1309061015,1985/9/15,Male,03/30/2015,,N/A - still employed,Active,Production       ,Production Technician I,David Stanley,Employee Referral,N/A- too early to review,Associate,2,,,,,,,Mentee,,117,No
"Garneau, Hamish",1104025414,1980/4/18,Male,07/08/2013,,N/A - still employed,Active,Production       ,Production Technician I,Kissy Sullivan,Website,Fully Meets,Associate,2,2.39,2.51,No,,,,Mentee,3.47 ,113,No
"Gaul, Barbara",1105026041,1983/12/2,Female,05/16/2011,,N/A - still employed,Active,Production       ,Production Technician I,Kelley Spirea,Website,Fully Meets,Bachelor,2,2.40,2.52,No,,,,Mentee,3.57 ,104,No
"Gentry, Mildred",1501072192,1990/10/1,Female,03/30/2015,,N/A - still employed,Active,Production       ,Production Technician I,Michael Albert,Job Fair,N/A- too early to review,Associate,2,,,,,,,Mentee,,113,No
"Gerke, Melisa",1308060622,1970/5/15,Female,11/07/2011,2011/11/15,hours,Voluntarily Terminated,Production       ,Production Technician I,Elijiah Gray,Job Fair,N/A- too early to review,Bachelor,2,,,,,,,Neither Mentor nor Mentee,,119,No
"Gilles, Alex",1008020960,1974/8/9,Male,04/02/2012,2015/6/25,career change,Voluntarily Terminated,Production       ,Production Technician I,Webster Butler,Job Fair,Needs Improvement,Associate,2,1.94,1.92,No,,,,Neither Mentor nor Mentee,2.23 ,96,No
"Girifalco, Evelyn",1204032927,1980/5/8,Female,09/29/2014,,N/A - still employed,Active,Production       ,Production Technician I,Amy Dunn,Employee Referral,Exceeds,Associate,2,2.87,3.79,Yes,,,,Mentee,3.92 ,99,No
"Gold, Shenice  ",1408069539,1992/6/18,Female,11/11/2013,,N/A - still employed,Active,Production       ,Production Technician I,Ketsia Liebig,Website,Fully Meets,Associate,2,2.32,2.44,No,,,,Mentee,3.46 ,125,No
"Gonzalez, Cayo",1411071212,1969/9/29,Male,07/11/2011,,N/A - still employed,Active,Production       ,Production Technician I,Brannon Miller,Headhunter,Exceeds,Associate,2,2.97,4.55,Yes,,,,Both Mentor and Mentee,4.07 ,141,No
"Gordon, David",1106026579,1979/5/21,Male,07/02/2012,,N/A - still employed,Active,Production       ,Production Technician I,David Stanley,Website,Fully Meets,Associate,2,2.41,2.53,No,,,,Mentee,3.52 ,109,No
"Goyal, Roxana",1312063675,1974/10/9,Female,08/19/2013,,N/A - still employed,Active,Production       ,Production Technician I,Kissy Sullivan,Website,Fully Meets,Master,2,2.41,2.54,No,,,,Mentee,3.47 ,114,No
"Gross, Paula",1103024859,1983/5/21,Female,02/21/2011,2014/1/11,more money,Voluntarily Terminated,Production       ,Production Technician I,Kelley Spirea,Website,Fully Meets,Associate,2,2.41,2.53,No,,,,Mentee,2.78 ,138,No
"Handschiegl, Joanne",1405067064,1977/3/23,Female,11/28/2011,,N/A - still employed,Active,Production       ,Production Technician I,Michael Albert,Website,Fully Meets,Bachelor,2,2.43,2.55,No,,,,Mentee,3.55 ,113,No
"Harrell, Ludwick",1406068241,1982/9/2,Male,05/14/2012,,N/A - still employed,Active,Production       ,Production Technician I,Elijiah Gray,Website,Fully Meets,Bachelor,2,2.40,2.52,No,,,,Mentee,3.53 ,111,No
"Harrington, Christie ",1110029602,1952/8/18,Female,01/09/2012,2015/12/15,retiring,Voluntarily Terminated,Production       ,Production Technician I,Webster Butler,Website,Fully Meets,Associate,2,2.55,2.68,No,,,,Mentee,2.74 ,117,No
"Harrison, Kara",1404066622,1974/5/2,Female,05/12/2014,,N/A - still employed,Active,Production       ,Production Technician I,Amy Dunn,Employee Referral,Exceeds,Bachelor,2,2.91,3.84,Yes,,,,Mentee,3.94 ,121,No
"Heitzman, Anthony",1002017900,1984/1/4,Male,08/13/2012,,N/A - still employed,Active,Production       ,Production Technician I,Ketsia Liebig,Social Media,Needs Improvement,Associate,2,1.88,1.87,No,,,,Mentee,3.02 ,126,No
"Ivey, Rose ",1408069882,1991/1/28,Female,08/19/2013,,N/A - still employed,Active,Production       ,Production Technician I,Brannon Miller,Website,Fully Meets,Associate,2,2.33,2.45,No,,,,Mentee,3.47 ,128,No
"Jackson, Maryellen",1201031438,1972/9/11,Female,11/05/2012,,N/A - still employed,Active,Production       ,Production Technician I,David Stanley,Website,Fully Meets,Bachelor,2,2.44,2.56,No,,,,Mentee,3.51 ,95,No
"Jacobi, Hannah  ",1503072857,1966/3/22,Female,09/30/2013,,N/A - still employed,Active,Production       ,Production Technician I,Kissy Sullivan,Website,Fully Meets,Bachelor,2,2.46,2.58,No,,,,Mentee,3.46 ,136,No
"Jhaveri, Sneha  ",1412071713,1964/4/13,Female,01/06/2014,,N/A - still employed,Active,Production       ,Production Technician I,Kelley Spirea,Website,Fully Meets,Associate,2,2.46,2.58,No,,,,Mentee,3.45 ,99,No
"Johnson, George",1105025721,1959/8/19,Male,11/07/2011,2016/4/29,more money,Voluntarily Terminated,Production       ,Production Technician I,Michael Albert,Employee Referral,Exceeds,Associate,2,3.02,3.84,No,,,,Both Mentor and Mentee,3.25 ,143,No
"Jung, Judy  ",1107027450,1986/4/17,Female,01/10/2011,2016/4/1,unhappy,Voluntarily Terminated,Production       ,Production Technician I,Elijiah Gray,Website,N/A- too early to review,Bachelor,2,,,,,,,Neither Mentor nor Mentee,,102,No
"Keatts, Kramer ",1301052462,1976/1/19,Male,09/30/2013,,N/A - still employed,Active,Production       ,Production Technician I,Michael Albert,Website,Fully Meets,Associate,2,2.41,2.53,No,,,,Mentee,3.46 ,131,No
"Kinsella, Kathleen  ",710007401,1973/12/8,Female,09/26/2011,2015/6/4,more money,Voluntarily Terminated,Production       ,Production Technician I,Webster Butler,Job Fair,N/A- too early to review,Bachelor,2,,,,,,,Neither Mentor nor Mentee,,125,No
"Kirill, Alexandra  ",903013071,1970/10/8,Female,09/26/2011,2012/1/9,more money,Voluntarily Terminated,Production       ,Production Technician I,Amy Dunn,Website,Fully Meets,Bachelor,2,2.46,2.59,No,,,,Mentee,2.76 ,116,No
"Knapp, Bradley  J",1304055683,1977/11/10,Male,02/17/2014,,N/A - still employed,Active,Production       ,Production Technician I,Ketsia Liebig,Website,Fully Meets,Associate,2,2.39,2.51,No,,,,Mentee,3.45 ,116,No
"Kretschmer, John",1311062610,1980/2/2,Male,01/10/2011,,N/A - still employed,Active,Production       ,Production Technician I,Brannon Miller,Website,Fully Meets,Bachelor,2,2.43,2.55,No,,,,Mentee,3.59 ,122,No
"Langton, Enrico",1304055987,1986/12/9,Male,07/09/2012,,N/A - still employed,Active,Production       ,Production Technician I,David Stanley,Website,Fully Meets,Associate,2,2.37,2.49,No,,,,Mentee,3.52 ,108,No
"Leach, Dallas",1408069409,1979/1/17,Female,09/26/2011,2013/8/19,return to school,Voluntarily Terminated,Production       ,Production Technician I,Kissy Sullivan,Website,Fully Meets,Associate,2,2.42,2.54,No,,,,Mentee,2.76 ,106,No
"LeBel, Jonathan  R",1107027575,1981/10/18,Male,02/21/2011,2011/8/4,attendance,Terminated for Cause,Production       ,Production Technician I,Kelley Spirea,Social Media,N/A- too early to review,Associate,2,,,,,,,Neither Mentor nor Mentee,,100,No
"Linares, Marilyn ",1206042315,1981/3/26,Female,07/05/2011,2011/9/26,unhappy,Voluntarily Terminated,Production       ,Production Technician I,Michael Albert,Job Fair,N/A- too early to review,Associate,2,,,,,,,Neither Mentor nor Mentee,,127,No
"Lydon, Allison",1101023353,1975/10/22,Female,02/16/2015,,N/A - still employed,Active,Production       ,Production Technician I,Elijiah Gray,Website,N/A- too early to review,Bachelor,2,,,,,,,Neither Mentor nor Mentee,,108,No
"Lynch, Lindsay",1001138521,1973/2/14,Female,11/07/2011,2015/11/14,career change,Voluntarily Terminated,Production       ,Production Technician I,Webster Butler,Employee Referral,Exceeds,Bachelor,2,2.95,3.75,No,,,,Both Mentor and Mentee,3.25 ,130,No
"MacLennan, Samuel",1201031032,1972/11/9,Male,09/24/2012,2012/9/26,hours,Voluntarily Terminated,Production       ,Production Technician I,Amy Dunn,Job Fair,N/A- too early to review,Associate,2,,,,,,,Neither Mentor nor Mentee,,117,No
"Mahoney, Lauren  ",1209049259,1986/7/7,Female,01/06/2014,,N/A - still employed,Active,Production       ,Production Technician I,Ketsia Liebig,Website,Fully Meets,Associate,2,2.35,2.47,No,,,,Mentee,3.45 ,97,No
"Mangal, Debbie",1308060754,1974/11/7,Female,11/11/2013,,N/A - still employed,Active,Production       ,Production Technician I,Brannon Miller,Website,Fully Meets,Bachelor,2,2.41,2.53,No,,,,Mentee,3.46 ,97,No
"Maurice, Shana",1401064327,1977/11/22,Female,05/31/2011,,N/A - still employed,Active,Production       ,Production Technician I,David Stanley,Employee Referral,Needs Improvement,Bachelor,2,1.93,1.92,No,,,,Mentee,3.07 ,128,No
"Mckenna, Sandy",909015167,1987/1/7,Female,01/07/2013,,N/A - still employed,Active,Production       ,Production Technician I,Kissy Sullivan,Website,Fully Meets,Bachelor,2,2.36,2.48,No,,,,Mentee,3.50 ,114,No
"Meads, Elizabeth",1409070245,1968/5/30,Female,04/02/2012,2015/11/11,career change,Voluntarily Terminated,Production       ,Production Technician I,Kelley Spirea,Website,Fully Meets,Associate,2,2.47,2.59,No,,,,Neither Mentor nor Mentee,2.73 ,118,No
"Medeiros, Jennifer",1109029256,1976/9/22,Female,03/30/2015,,N/A - still employed,Active,Production       ,Production Technician I,Michael Albert,Website,N/A- too early to review,Bachelor,2,,,,,,,Mentee,,102,No
"Motlagh,  Dawn",1102024121,1984/7/7,Female,04/01/2013,,N/A - still employed,Active,Production       ,Production Technician I,Elijiah Gray,Website,Fully Meets,Associate,2,2.37,2.49,No,,,,Mentee,3.49 ,94,No
"Ndzi, Colombui",1204033041,1989/5/2,Male,09/26/2011,2014/4/4,return to school,Voluntarily Terminated,Production       ,Production Technician I,Webster Butler,Website,Fully Meets,Associate,2,2.37,2.49,No,,,,Mentee,2.76 ,102,No
"Ndzi, Horia",1204033041,1983/3/28,Male,04/01/2013,2016/5/25,more money,Voluntarily Terminated,Production       ,Production Technician I,Amy Dunn,Website,Fully Meets,Bachelor,2,2.38,2.50,No,,,,Mentee,2.69 ,109,No
"Newman, Richard ",1302053044,1977/4/8,Male,05/12/2014,,N/A - still employed,Active,Production       ,Production Technician I,Ketsia Liebig,Website,Fully Meets,Bachelor,2,2.39,2.51,No,,,,Mentee,3.44 ,127,No
"Ngodup, Shari ",1403066020,1967/6/3,Female,04/01/2013,,N/A - still employed,Active,Production       ,Production Technician I,Brannon Miller,Employee Referral,Exceeds,High School,2,2.96,4.53,Yes,,,,Both Mentor and Mentee,3.99 ,151,No
"Nguyen, Lei-Ming",1203032357,1984/7/7,Female,07/08/2013,,N/A - still employed,Active,Production       ,Production Technician I,David Stanley,Website,Fully Meets,Associate,2,2.37,2.49,No,,,,Mentee,3.47 ,106,No
"O'hare, Lynn",1206044851,1980/9/30,Female,03/31/2014,2016/5/1,performance,Terminated for Cause,Production       ,Production Technician I,Kissy Sullivan,Website,PIP,Associate,2,1.38,1.24,No,,,,Neither Mentor nor Mentee,1.64 ,97,No
"Osturnka, Adeel",1404066949,1976/12/11,Male,09/30/2013,,N/A - still employed,Active,Production       ,Production Technician I,Kelley Spirea,Employee Referral,Exceeds,Associate,2,2.90,4.44,Yes,,,,Both Mentor and Mentee,3.96 ,130,No
"Owad, Clinton",1103024335,1979/11/24,Male,02/17/2014,,N/A - still employed,Active,Production       ,Production Technician I,Michael Albert,Job Fair,Needs Improvement,Associate,2,1.88,1.86,No,,,,Mentee,2.95 ,91,No
"Panjwani, Nina",1109029531,1979/5/1,Female,02/07/2011,2014/1/12,career change,Voluntarily Terminated,Production       ,Production Technician I,Elijiah Gray,Website,Fully Meets,Associate,2,2.43,2.55,No,,,,Neither Mentor nor Mentee,2.79 ,142,No
"Pelech, Emil",1307060058,1988/3/17,Male,01/10/2011,2012/12/28,career change,Voluntarily Terminated,Production       ,Production Technician I,Webster Butler,Website,Needs Improvement,Associate,2,1.89,1.87,No,,,,Neither Mentor nor Mentee,2.29 ,95,No
"Perry, Shakira",1109029186,1986/7/20,Female,05/16/2011,2015/10/25,medical issues,Voluntarily Terminated,Production       ,Production Technician I,Amy Dunn,Website,Fully Meets,Bachelor,2,2.39,2.51,No,,,,Mentee,2.77 ,118,No
"Peterson, Kayla ",1307059944,1973/9/23,Female,04/26/2010,,N/A - still employed,Active,Production       ,Production Technician I,Ketsia Liebig,Website,Fully Meets,Associate,2,2.47,2.59,No,,,,Mentee,3.62 ,120,No
"Pham, Hong",1305057440,1988/3/6,Male,07/05/2011,2012/11/30,more money,Voluntarily Terminated,Production       ,Production Technician I,Brannon Miller,Website,Fully Meets,Associate,2,2.38,2.50,No,,,,Mentee,2.77 ,104,No
"Pitt, Brad ",1001735072,1981/11/23,Male,11/05/2007,,N/A - still employed,Active,Production       ,Production Technician I,David Stanley,Website,Fully Meets,Associate,2,2.47,2.59,No,,,,Mentee,3.73 ,144,No
"Power, Morissa",1102024274,1984/10/15,Female,05/16/2011,2011/6/4,career change,Voluntarily Terminated,Production       ,Production Technician I,Kissy Sullivan,Social Media,N/A- too early to review,Associate,2,,,,,,,Neither Mentor nor Mentee,,97,No
"Punjabhi, Louis  ",1401064562,1961/6/19,Male,01/06/2014,,N/A - still employed,Active,Production       ,Production Technician I,Kelley Spirea,Website,Fully Meets,Associate,2,2.48,2.60,No,,,,Mentee,3.45 ,122,No
"Purinton, Janine",1011022926,1970/9/22,Female,09/24/2012,2013/6/18,unhappy,Voluntarily Terminated,Production       ,Production Technician I,Kissy Sullivan,Website,Fully Meets,Associate,2,2.45,2.57,No,,,,Neither Mentor nor Mentee,2.41 ,95,No
"Rarrick, Quinn",1208048229,1984/12/31,Male,09/26/2011,2012/4/7,more money,Voluntarily Terminated,Production       ,Production Technician I,Michael Albert,Website,Fully Meets,Bachelor,2,2.39,2.51,No,,,,Mentee,2.76 ,142,No
"Rhoads, Thomas",1211050793,1982/7/22,Male,05/16/2011,2016/1/15,retiring,Voluntarily Terminated,Production       ,Production Technician I,Elijiah Gray,Website,Fully Meets,Bachelor,2,2.41,2.53,No,,,,Mentee,2.77 ,90,No
"Rivera, Haley  ",1405067642,1973/1/12,Female,11/28/2011,,N/A - still employed,Active,Production       ,Production Technician I,Webster Butler,Employee Referral,Exceeds,Bachelor,2,2.95,4.52,Yes,,,,Both Mentor and Mentee,4.05 ,130,No
"Robinson, Alain  ",1206038000,1974/1/7,Male,01/10/2011,2016/1/26,attendance,Voluntarily Terminated,Production       ,Production Technician I,Amy Dunn,Website,Fully Meets,Bachelor,2,2.46,2.58,No,,,,Mentee,2.79 ,99,No
"Robinson, Cherly",1403065625,1985/1/7,Female,01/10/2011,2016/5/17,attendance,Terminated for Cause,Production       ,Production Technician I,Ketsia Liebig,Website,Needs Improvement,Associate,2,1.90,1.88,No,,,,Neither Mentor nor Mentee,2.29 ,113,No
"Robinson, Elias",1011022887,1985/1/28,Male,07/08/2013,,N/A - still employed,Active,Production       ,Production Technician I,Brannon Miller,Employee Referral,Exceptional,Bachelor,2,3.36,5.00,Yes,,,,Both Mentor and Mentee,4.47 ,114,No
"Rose, Ashley  ",710007555,1974/12/5,Female,01/06/2014,,N/A - still employed,Active,Production       ,Production Technician I,David Stanley,Website,Fully Meets,Associate,2,2.41,2.53,No,,,,Mentee,3.45 ,116,No
"Rossetti, Bruno",1405067492,1987/3/18,Male,04/04/2011,2012/8/13,career change,Voluntarily Terminated,Production       ,Production Technician I,Kissy Sullivan,Website,Fully Meets,Associate,2,2.39,2.51,No,,,,Neither Mentor nor Mentee,2.78 ,105,No
"Saar-Beckles, Melinda",1410070998,1968/6/6,Female,07/04/2016,,N/A - still employed,Active,Production       ,Production Technician I,Kelley Spirea,Job Fair,N/A- too early to review,Bachelor,2,,,,,,,Mentee,,119,No
"Sadki, Nore  ",1308060535,1974/12/21,Male,01/05/2009,2010/7/30,relocation out of area,Voluntarily Terminated,Production       ,Production Technician I,Michael Albert,Website,Fully Meets,Bachelor,2,2.49,2.61,No,,,,Mentee,2.88 ,130,No
"Sander, Kamrin",1302053362,1988/7/10,Female,09/29/2014,,N/A - still employed,Active,Production       ,Production Technician I,Elijiah Gray,Website,Fully Meets,Bachelor,2,2.33,2.45,No,,,,Mentee,3.42 ,148,No
"Sewkumar, Nori",807010161,1975/3/10,Female,09/30/2013,,N/A - still employed,Active,Production       ,Production Technician I,Webster Butler,Website,Fully Meets,Associate,2,2.41,2.53,No,,,,Mentee,3.46 ,130,No
"Shields, Seffi",1205033102,1985/8/24,Female,08/19/2013,,N/A - still employed,Active,Production       ,Production Technician I,Amy Dunn,Website,Fully Meets,Associate,2,2.36,2.48,No,,,,Mentee,3.47 ,94,No
"Smith, Sade",1501071909,1965/2/2,Female,11/11/2013,,N/A - still employed,Active,Production       ,Production Technician I,Ketsia Liebig,Website,Fully Meets,Bachelor,2,2.46,2.58,No,,,,Mentee,3.46 ,96,No
"Sparks, Taylor  ",1410071137,1968/7/20,Female,02/20/2012,,N/A - still employed,Active,Production       ,Production Technician I,Brannon Miller,Website,PIP,Associate,2,1.47,1.32,No,,,,Neither Mentor nor Mentee,2.84 ,94,No
"Squatrito, Kristen",1405067138,1973/3/26,Female,05/13/2013,2015/6/29,unhappy,Voluntarily Terminated,Production       ,Production Technician I,David Stanley,Employee Referral,Exceeds,Bachelor,2,2.93,3.72,No,,,,Both Mentor and Mentee,3.18 ,156,No
"Stanford,Barbara  M",1111030244,1982/8/25,Female,01/10/2011,,N/A - still employed,Active,Production       ,Production Technician I,Kissy Sullivan,Website,Fully Meets,Associate,2,2.42,2.54,No,,,,Mentee,3.59 ,97,No
"Stoica, Rick",1106026896,1985/3/14,Male,02/17/2014,,N/A - still employed,Active,Production       ,Production Technician I,Kelley Spirea,Website,Fully Meets,Bachelor,2,2.36,2.47,No,,,,Mentee,3.45 ,115,No
"Sullivan, Timothy",1201031310,1982/10/7,Male,01/05/2015,,N/A - still employed,Active,Production       ,Production Technician I,Michael Albert,Employee Referral,N/A- too early to review,Associate,2,,,,,,,Mentee,,124,No
"Sutwell, Barbara",1407069061,1968/8/15,Female,05/14/2012,,N/A - still employed,Active,Production       ,Production Technician I,Elijiah Gray,Website,Fully Meets,Associate,2,2.47,2.59,No,,,,Mentee,3.53 ,142,No
"Tavares, Desiree  ",1405067501,1975/4/3,Female,04/27/2009,2013/4/1,career change,Voluntarily Terminated,Production       ,Production Technician I,Webster Butler,Website,Fully Meets,Associate,2,2.48,2.60,No,,,,Mentee,2.87 ,90,No
"Theamstern, Sophia",1404066739,1965/5/9,Female,07/05/2011,2011/9/5,return to school,Voluntarily Terminated,Production       ,Production Technician I,Amy Dunn,Website,N/A- too early to review,Bachelor,2,,,,,,,Neither Mentor nor Mentee,,116,No
"Tinto, Theresa  ",1103024504,1983/7/30,Female,01/10/2011,2011/5/14,career change,Voluntarily Terminated,Production       ,Production Technician I,Ketsia Liebig,Social Media,N/A- too early to review,Bachelor,2,,,,,,,Neither Mentor nor Mentee,,94,No
"Tippett, Jeanette",1409070255,1967/6/5,Female,02/18/2013,,N/A - still employed,Active,Production       ,Production Technician I,Brannon Miller,Website,Fully Meets,Bachelor,2,2.46,2.58,No,,,,Mentee,3.49 ,103,No
"Trang, Mei",1012023152,1983/5/16,Female,02/17/2014,,N/A - still employed,Active,Production       ,Production Technician I,David Stanley,Job Fair,Needs Improvement,Bachelor,2,1.86,1.85,No,,,,Mentee,2.95 ,99,No
"Veera, Abdellah ",1203032235,1987/1/31,Male,08/13/2012,2016/2/5,attendance,Voluntarily Terminated,Production       ,Production Technician I,Kissy Sullivan,Employee Referral,Exceeds,Bachelor,2,2.87,3.65,No,,,,Both Mentor and Mentee,3.22 ,92,No
"Volk, Colleen",1011022814,1986/6/3,Female,09/26/2011,2016/2/8,gross misconduct,Terminated for Cause,Production       ,Production Technician I,Kelley Spirea,Employee Referral,Exceeds,Bachelor,2,2.89,3.67,No,,,,Both Mentor and Mentee,3.26 ,128,No
"Von Massenbach, Anna",1106026474,1985/4/6,Female,07/05/2015,,N/A - still employed,Active,Production       ,Production Technician I,Michael Albert,Employee Referral,N/A- too early to review,Bachelor,2,,,,,,,Mentee,,100,No
"Wallace, Theresa",1101023619,1980/8/2,Female,08/13/2012,2015/9/1,career change,Voluntarily Terminated,Production       ,Production Technician I,Elijiah Gray,Website,Needs Improvement,Associate,2,1.90,1.88,No,,,,Neither Mentor nor Mentee,2.22 ,120,No
"Whittier, Scott",1307060212,1987/5/24,Male,01/10/2011,2011/5/15,hours,Voluntarily Terminated,Production       ,Production Technician I,Webster Butler,Employee Referral,N/A- too early to review,Bachelor,2,,,,,,,Neither Mentor nor Mentee,,109,No
"Wilber, Barry",1101023839,1965/9/9,Male,05/16/2011,2015/9/7,unhappy,Voluntarily Terminated,Production       ,Production Technician I,Amy Dunn,Website,Fully Meets,Bachelor,2,2.50,2.62,No,,,,Neither Mentor nor Mentee,2.47 ,119,No
"Williams, Jacquelyn  ",1308060671,1969/10/2,Female,01/09/2012,2015/6/27,relocation out of area,Voluntarily Terminated,Production       ,Production Technician I,Ketsia Liebig,Website,Fully Meets,Associate,2,2.46,2.59,No,,,,Mentee,2.74 ,96,No
"Ybarra, Catherine ",1001268402,1982/5/4,Female,09/02/2008,2015/9/29,career change,Voluntarily Terminated,Production       ,Production Technician I,Brannon Miller,Website,PIP,Associate,2,1.45,1.31,No,,,,Neither Mentor nor Mentee,1.90 ,113,No
"Zima, Colleen",1211051232,1978/8/17,Female,09/29/2014,,N/A - still employed,Active,Production       ,Production Technician I,David Stanley,Website,Fully Meets,Associate,2,2.38,2.50,No,,,,Mentee,3.42 ,139,No
"Akinkuolie, Sarah",1005019209,1988/9/19,Female,07/05/2011,2012/9/24,hours,Voluntarily Terminated,Production       ,Production Technician II,Kissy Sullivan,Employee Referral,N/A- too early to review,Bachelor,2,,,,,,,Neither Mentor nor Mentee,,109,No
"Beak, Kimberly  ",1303054329,1966/4/17,Female,07/21/2016,,N/A - still employed,Active,Production       ,Production Technician II,Kelley Spirea,Employee Referral,Exceeds,Bachelor,2,2.91,3.84,Yes,,,,Mentee,3.84 ,118,No
"Blount, Dianna",1403066125,1990/9/21,Female,04/04/2011,,N/A - still employed,Active,Production       ,Production Technician II,Michael Albert,Website,Needs Improvement,Associate,2,1.87,1.85,No,,,,Mentee,3.08 ,122,No
"Bondwell, Betsy",1008021030,1967/1/16,Female,01/10/2011,2014/4/4,career change,Voluntarily Terminated,Production       ,Production Technician II,Elijiah Gray,Job Fair,N/A- too early to review,Bachelor,2,,,,,,,Neither Mentor nor Mentee,,107,No
"Buccheri, Joseph  ",1101023457,1983/7/28,Male,09/29/2014,,N/A - still employed,Active,Production       ,Production Technician II,Webster Butler,Website,Fully Meets,Bachelor,2,2.35,2.47,No,,,,Mentee,3.42 ,102,No
"Burke, Joelle",1011022820,1980/3/2,Female,03/05/2012,,N/A - still employed,Active,Production       ,Production Technician II,Amy Dunn,Social Media,Fully Meets,Bachelor,2,2.41,2.53,No,,,,Mentee,3.54 ,107,No
"Burkett, Benjamin ",1301052449,1977/8/19,Male,04/04/2011,,N/A - still employed,Active,Production       ,Production Technician II,Ketsia Liebig,Social Media,Fully Meets,Bachelor,2,2.44,2.56,No,,,,Mentee,3.58 ,115,No
"Cloninger, Jennifer",1012023226,1981/8/31,Female,05/16/2011,2013/1/7,unhappy,Voluntarily Terminated,Production       ,Production Technician II,Brannon Miller,Employee Referral,N/A- too early to review,Bachelor,2,,,,,,,Neither Mentor nor Mentee,,99,No
"Close, Phil",1209048697,1978/11/25,Male,08/30/2010,2011/9/26,career change,Voluntarily Terminated,Production       ,Production Technician II,David Stanley,Social Media,Fully Meets,Bachelor,2,2.44,2.56,No,,,,Mentee,2.81 ,117,No
"Davis, Daniel",1201031274,1979/9/14,Male,11/07/2011,,N/A - still employed,Active,Production       ,Production Technician II,Kissy Sullivan,Employee Referral,Fully Meets,Bachelor,2,2.42,2.54,No,,,,Mentee,3.55 ,130,No
"Demita, Carla",1104025179,1951/2/25,Female,04/04/2011,2015/11/4,more money,Voluntarily Terminated,Production       ,Production Technician II,Kelley Spirea,Social Media,Fully Meets,Bachelor,2,2.57,2.70,No,,,,Mentee,2.78 ,110,No
"Erilus, Angela",1105025661,1989/8/25,Female,07/07/2014,,N/A - still employed,Active,Production       ,Production Technician II,Michael Albert,Website,PIP,Associate,2,1.33,1.19,No,,,,Neither Mentor nor Mentee,2.73 ,98,No
"Faller, Megan ",1108028428,1978/9/22,Female,07/07/2014,,N/A - still employed,Active,Production       ,Production Technician II,Elijiah Gray,Social Media,Fully Meets,Bachelor,2,2.38,2.50,No,,,,Mentee,3.43 ,92,No
"Fancett, Nicole",1402065085,1987/9/27,Female,02/17/2014,,N/A - still employed,Active,Production       ,Production Technician II,Webster Butler,Website,Fully Meets,Bachelor,2,2.34,2.46,No,,,,Mentee,3.45 ,147,No
"Fitzpatrick, Michael  J",1109029103,1981/10/1,Male,05/16/2011,2013/6/24,hours,Voluntarily Terminated,Production       ,Production Technician II,Amy Dunn,Social Media,Fully Meets,Bachelor,2,2.42,2.54,No,,,,Mentee,2.77 ,89,No
"Foreman, Tanya",1012023204,1983/11/8,Female,04/04/2011,2012/1/9,career change,Voluntarily Terminated,Production       ,Production Technician II,Ketsia Liebig,Website,Fully Meets,Bachelor,2,2.41,2.53,No,,,,Neither Mentor nor Mentee,2.78 ,127,No
"Gonzalez, Juan",1411071324,1964/10/12,Male,04/26/2010,2011/5/30,performance,Terminated for Cause,Production       ,Production Technician II,Brannon Miller,Website,PIP,Associate,2,1.52,1.36,No,,,,Neither Mentor nor Mentee,1.82 ,99,No
"Good, Susan",1001549006,1986/5/25,Female,05/12/2014,,N/A - still employed,Active,Production       ,Production Technician II,David Stanley,Website,Fully Meets,Bachelor,2,2.35,2.46,No,,,,Mentee,3.44 ,103,No
"Gosciminski, Phylicia  ",1108028351,1983/12/8,Female,09/30/2013,,N/A - still employed,Active,Production       ,Production Technician II,Kissy Sullivan,Social Media,Fully Meets,Bachelor,2,2.37,2.49,No,,,,Mentee,3.46 ,98,No
"Hankard, Earnest",1307059937,1988/8/10,Male,11/11/2013,,N/A - still employed,Active,Production       ,Production Technician II,Kelley Spirea,Website,Fully Meets,Bachelor,2,2.34,2.46,No,,,,Mentee,3.46 ,99,No
"Hendrickson, Trina",1011022932,1972/8/27,Female,01/10/2011,2013/2/18,hours,Voluntarily Terminated,Production       ,Production Technician II,Kelley Spirea,Website,Fully Meets,Bachelor,2,2.47,2.59,No,,,,Mentee,2.79 ,141,No
"Homberger, Adrienne  J",1207046956,1984/2/16,Female,08/15/2011,2012/4/7,relocation out of area,Voluntarily Terminated,Production       ,Production Technician II,Michael Albert,Social Media,Fully Meets,Bachelor,2,2.40,2.52,No,,,,Mentee,2.76 ,149,No
"Hunts, Julissa",1106026433,1984/3/11,Female,06/06/2016,,N/A - still employed,Active,Production       ,Production Technician II,Elijiah Gray,Employee Referral,N/A- too early to review,Bachelor,2,,,,,,,Mentee,,125,No
"Hutter, Rosalie",1103024924,1992/5/7,Female,06/05/2015,,N/A - still employed,Active,Production       ,Production Technician II,Webster Butler,Employee Referral,N/A- too early to review,Bachelor,2,,,,,,,Mentee,,98,No
"Huynh, Ming",1306058509,1976/9/22,Female,02/21/2011,2013/4/1,unhappy,Voluntarily Terminated,Production       ,Production Technician II,Amy Dunn,Website,Fully Meets,Bachelor,2,2.44,2.57,No,,,,Neither Mentor nor Mentee,2.48 ,135,No
"Jeannite, Tayana",1008020942,1986/11/6,Female,07/05/2011,,N/A - still employed,Active,Production       ,Production Technician II,Ketsia Liebig,Employee Referral,Exceeds,Bachelor,2,2.89,4.42,Yes,,,,Both Mentor and Mentee,4.07 ,143,No
"Johnston, Yen",1306057810,1969/9/8,Female,07/07/2014,,N/A - still employed,Active,Production       ,Production Technician II,Brannon Miller,Employee Referral,Exceptional,Master,2,3.43,5.00,Yes,,,,Both Mentor and Mentee,4.43 ,176,No
"Langford, Lindsey",1010022030,1979/7/25,Female,01/07/2013,2014/3/31,career change,Voluntarily Terminated,Production       ,Production Technician II,David Stanley,Website,Fully Meets,Bachelor,2,2.40,2.52,No,,,,Neither Mentor nor Mentee,2.70 ,124,No
"Latif, Mohammed",1104025486,1984/5/9,Male,04/02/2012,2013/4/15,more money,Voluntarily Terminated,Production       ,Production Technician II,Kissy Sullivan,Social Media,Fully Meets,Bachelor,2,2.39,2.51,No,,,,Mentee,2.73 ,114,No
"Linden, Mathew",1405067565,1979/3/19,Male,07/08/2013,,N/A - still employed,Active,Production       ,Production Technician II,Kelley Spirea,Website,Fully Meets,Bachelor,2,2.39,2.51,No,,,,Mentee,3.47 ,105,No
"Lundy, Susan",1305056276,1976/12/26,Female,07/08/2013,2013/9/15,more money,Voluntarily Terminated,Production       ,Production Technician II,Michael Albert,Job Fair,N/A- too early to review,Bachelor,2,,,,,,,Neither Mentor nor Mentee,,108,No
"Lunquist, Lisa",1001504432,1982/3/28,Female,08/19/2013,,N/A - still employed,Active,Production       ,Production Technician II,Elijiah Gray,Employee Referral,Exceeds,Bachelor,2,2.88,4.40,Yes,,,,Both Mentor and Mentee,3.97 ,96,No
"Manchester, Robyn",1110029623,1976/8/25,Female,05/11/2016,,N/A - still employed,Active,Production       ,Production Technician II,Webster Butler,Employee Referral,N/A- too early to review,Bachelor,2,,,,,,,Mentee,,112,No
"Mancuso, Karen",1304055986,1986/12/10,Female,07/05/2011,2011/8/19,career change,Voluntarily Terminated,Production       ,Production Technician II,Amy Dunn,Employee Referral,N/A- too early to review,Bachelor,2,,,,,,,Neither Mentor nor Mentee,,105,No
"McCarthy, Brigit",1406067957,1987/5/21,Female,03/30/2015,,N/A - still employed,Active,Production       ,Production Technician II,Ketsia Liebig,Employee Referral,N/A- too early to review,Bachelor,2,,,,,,,Mentee,,111,No
"Miller, Ned",1205033439,1985/6/29,Male,08/15/2011,2014/9/4,performance,Terminated for Cause,Production       ,Production Technician II,Brannon Miller,Website,PIP,Associate,2,1.39,1.25,No,,,,Neither Mentor nor Mentee,1.76 ,125,No
"Monkfish, Erasumus  ",1404066711,1992/8/17,Male,11/07/2011,,N/A - still employed,Active,Production       ,Production Technician II,David Stanley,Social Media,Fully Meets,Bachelor,2,2.35,2.47,No,,,,Mentee,3.55 ,90,No
"Monterro, Luisa",1001103149,1970/4/24,Female,05/13/2013,,N/A - still employed,Active,Production       ,Production Technician II,Kissy Sullivan,Employee Referral,Exceptional,Master,2,3.44,5.00,Yes,,,,Both Mentor and Mentee,4.48 ,126,No
"Moran, Patrick",1408069503,1976/12/3,Male,01/09/2012,,N/A - still employed,Active,Production       ,Production Technician II,Kelley Spirea,Social Media,Fully Meets,Bachelor,2,2.43,2.55,No,,,,Mentee,3.54 ,133,No
"Moumanil, Maliki ",1301052436,1974/12/1,Male,05/13/2013,,N/A - still employed,Active,Production       ,Production Technician II,Michael Albert,Social Media,Fully Meets,Bachelor,2,2.42,2.54,No,,,,Mentee,3.48 ,91,No
"Nowlan, Kristie",1104025435,1985/11/23,Female,11/10/2014,,N/A - still employed,Active,Production       ,Production Technician II,Elijiah Gray,Social Media,Fully Meets,Bachelor,2,2.34,2.46,No,,,,Mentee,3.41 ,130,No
"Oliver, Brooke ",1001856521,1952/2/11,Female,05/14/2012,2013/8/19,unhappy,Voluntarily Terminated,Production       ,Production Technician II,Webster Butler,Employee Referral,N/A- too early to review,Bachelor,2,,,,,,,Neither Mentor nor Mentee,,100,No
"Pelletier, Ermine",1202031821,1989/7/18,Female,07/05/2011,2011/9/15,unhappy,Voluntarily Terminated,Production       ,Production Technician II,Amy Dunn,Website,N/A- too early to review,Bachelor,2,,,,,,,Neither Mentor nor Mentee,,105,No
"Peters, Lauren",1411071406,1986/8/17,Female,05/16/2011,2012/2/4,more money,Voluntarily Terminated,Production       ,Production Technician II,Ketsia Liebig,Employee Referral,Exceeds,Master,2,2.89,3.68,No,,,,Both Mentor and Mentee,3.27 ,155,No
"Petingill, Shana  ",1103024843,1979/3/10,Female,04/02/2012,,N/A - still employed,Active,Production       ,Production Technician II,Brannon Miller,Social Media,Fully Meets,Bachelor,2,2.41,2.54,No,,,,Mentee,3.53 ,146,No
"Roberson, May",1402065340,1981/9/5,Female,09/26/2011,2011/10/22,return to school,Voluntarily Terminated,Production       ,Production Technician II,David Stanley,Job Fair,N/A- too early to review,Bachelor,2,,,,,,,Neither Mentor nor Mentee,,128,No
"Robertson, Peter",1499902991,1972/7/3,Male,07/05/2011,2012/2/8,career change,Voluntarily Terminated,Production       ,Production Technician II,Kissy Sullivan,Website,Fully Meets,Bachelor,2,2.46,2.58,No,,,,Neither Mentor nor Mentee,2.77 ,122,No
"Sahoo, Adil",1106026462,1986/4/26,Male,08/30/2010,,N/A - still employed,Active,Production       ,Production Technician II,Kelley Spirea,Social Media,Fully Meets,Bachelor,2,2.40,2.52,No,,,,Mentee,3.61 ,128,No
"Sloan, Constance",1012023103,1987/11/25,Female,10/26/2009,2015/4/8,attendance,Voluntarily Terminated,Production       ,Production Technician II,Michael Albert,Website,Fully Meets,Bachelor,2,2.41,2.53,No,,,,Mentee,2.84 ,115,No
"Smith, Joe",1001970770,1963/10/30,Male,09/29/2014,,N/A - still employed,Active,Production       ,Production Technician II,Elijiah Gray,Employee Referral,Exceeds,Bachelor,2,2.95,4.52,Yes,,,,Both Mentor and Mentee,3.92 ,128,No
"Tejeda, Lenora ",1406068345,1953/5/24,Female,05/16/2011,2012/7/8,career change,Voluntarily Terminated,Production       ,Production Technician II,Elijiah Gray,Social Media,Fully Meets,Bachelor,2,2.56,2.69,No,,,,Neither Mentor nor Mentee,2.77 ,107,No
"Thibaud, Kenneth",1011022777,1975/9/16,Male,06/25/2007,2010/8/30,career change,Voluntarily Terminated,Production       ,Production Technician II,Webster Butler,Website,Fully Meets,Bachelor,2,2.51,2.63,No,,,,Mentee,2.95 ,126,No
"Trzeciak, Cybil",1107027551,1985/3/15,Female,01/10/2011,2012/7/2,unhappy,Voluntarily Terminated,Production       ,Production Technician II,Amy Dunn,Website,Fully Meets,Bachelor,2,2.40,2.52,No,,,,Neither Mentor nor Mentee,2.49 ,100,No
"Walker, Roger",1011022818,1976/2/10,Male,08/18/2014,,N/A - still employed,Active,Production       ,Production Technician II,Ketsia Liebig,Website,Fully Meets,Bachelor,2,2.39,2.51,No,,,,Mentee,3.42 ,103,No
"Winthrop, Jordan  ",1405067188,1958/11/7,male,01/07/2013,2016/2/21,retiring,Voluntarily Terminated,Production       ,Production Technician II,Brannon Miller,Employee Referral,Exceeds,Bachelor,2,3.00,3.82,No,,,,Both Mentor and Mentee,3.20 ,144,No
"Wolk, Hang  T",1205033180,1985/4/20,Female,09/29/2014,,N/A - still employed,Active,Production       ,Production Technician II,David Stanley,Website,Fully Meets,Bachelor,2,2.35,2.46,No,,,,Mentee,3.42 ,107,No
"Woodson, Jason",1012023010,1985/5/11,Male,07/07/2014,,N/A - still employed,Active,Production       ,Production Technician II,Kissy Sullivan,Website,Fully Meets,Bachelor,2,2.35,2.47,No,,,,Mentee,3.43 ,143,No
"Buck, Edward",1504073313,1975/7/7,Male,09/29/2014,,N/A - still employed,Active,Sales,Area Sales Manager,Lynn Daneault,Social Media,Fully Meets,Master,4,2.99,4.49,Yes,3,4,Yes,Both Mentor and Mentee,3.42 ,118,Yes
"Bunbury, Jessica",1504073368,1964/6/1,Female,08/15/2011,2014/8/2,career change,Voluntarily Terminated,Sales,Area Sales Manager,John Smith,Social Media,Fully Meets,Master,4,3.10,3.25,No,,,,Neither Mentor nor Mentee,2.76 ,143,Yes
"Carter, Michelle ",1403065721,1963/5/15,Female,08/18/2014,,N/A - still employed,Active,Sales,Area Sales Manager,John Smith,Social Media,Fully Meets,Master,4,3.06,4.58,Yes,3,4,Yes,Both Mentor and Mentee,3.42 ,93,Yes
"Costa, Latia",1409070567,1988/11/8,Female,01/10/2011,,N/A - still employed,Active,Sales,Area Sales Manager,Lynn Daneault,Headhunter,Exceeds,Master,4,3.48,5.00,Yes,4,5,Yes,Both Mentor and Mentee,4.09 ,129,Yes
"Dietrich, Jenna  ",1408069481,1987/5/14,Female,02/20/2012,,N/A - still employed,Active,Sales,Area Sales Manager,John Smith,Website,PIP,Associate,4,1.97,1.78,No,1,1,No,Neither Mentor nor Mentee,2.84 ,127,Yes
"Digitale, Alfred",1306059197,1988/9/14,Male,08/18/2014,,N/A - still employed,Active,Sales,Area Sales Manager,John Smith,Headhunter,Fully Meets,Master,4,2.93,4.39,Yes,2,3,Yes,Both Mentor and Mentee,3.42 ,151,Yes
"Fraval, Maruk ",1411071302,1963/8/28,Male,09/06/2011,,N/A - still employed,Active,Sales,Area Sales Manager,Lynn Daneault,Social Media,Fully Meets,Master,4,3.10,4.65,Yes,3,5,Yes,Both Mentor and Mentee,3.56 ,134,Yes
"Friedman, Gerry",1204032843,1969/2/24,Male,03/07/2011,,N/A - still employed,Active,Sales,Area Sales Manager,John Smith,Social Media,Fully Meets,Master,4,3.08,4.62,Yes,3,4,Yes,Both Mentor and Mentee,3.58 ,117,Yes
"Gill, Whitney  ",1302053046,1971/7/10,Female,07/07/2014,2015/9/5,attendance,Terminated for Cause,Sales,Area Sales Manager,John Smith,Social Media,Fully Meets,Master,4,3.02,3.17,No,,,,Mentee,2.83 ,93,Yes
"Givens, Myriam",1203032099,1989/9/22,Female,02/16/2015,,N/A - still employed,Active,Sales,Area Sales Manager,Lynn Daneault,Job Fair,N/A- too early to review,Master,4,,,,,,,Mentee,,127,Yes
"Gonzales, Ricardo",1411071481,1954/10/12,Male,05/12/2014,,N/A - still employed,Active,Sales,Area Sales Manager,John Smith,Social Media,Fully Meets,Master,4,3.10,4.66,Yes,3,3,Yes,Both Mentor and Mentee,3.44 ,153,Yes
"Guilianno, Mike",1001167253,1969/2/9,Male,03/07/2011,2014/10/31,relocation out of area,Voluntarily Terminated,Sales,Area Sales Manager,John Smith,Social Media,Fully Meets,Master,4,3.08,3.24,No,,,,Mentee,2.78 ,114,Yes
Jeremy Prater,1001084890,1974/5/9,Male,05/12/2014,,N/A - still employed,Active,Sales,Area Sales Manager,Lynn Daneault,Website,PIP,Associate,4,2.01,1.81,No,1,1,No,Neither Mentor nor Mentee,2.74 ,89,Yes
"Khemmich, Bartholemew",1104025008,1979/11/27,Male,08/19/2013,,N/A - still employed,Active,Sales,Area Sales Manager,Lynn Daneault,Social Media,Fully Meets,Master,4,2.99,4.48,Yes,3,4,Yes,Both Mentor and Mentee,3.47 ,137,Yes
"Leruth, Giovanni",1412071660,1988/12/27,Male,04/30/2012,,N/A - still employed,Active,Sales,Area Sales Manager,John Smith,Social Media,Fully Meets,Master,4,2.96,4.45,Yes,2,2,No,Both Mentor and Mentee,3.53 ,121,Yes
"Martins, Joseph",1209048771,1970/6/11,Male,05/14/2012,,N/A - still employed,Active,Sales,Area Sales Manager,Lynn Daneault,Headhunter,Fully Meets,Master,4,3.06,4.59,Yes,3,4,Yes,Both Mentor and Mentee,3.53 ,154,Yes
"McKinzie, Jac",1209049326,1984/7/1,Male,07/06/2016,,N/A - still employed,Active,Sales,Area Sales Manager,Lynn Daneault,Website,N/A- too early to review,Master,4,,,,,,,Mentee,,106,Yes
"Mullaney, Howard",1306057978,1975/11/2,Male,09/29/2014,,N/A - still employed,Active,Sales,Area Sales Manager,John Smith,Website,Needs Improvement,Associate,4,2.49,2.47,No,2,1,No,Mentee,2.92 ,126,Yes
"Nguyen, Dheepa",1111030684,1989/3/31,Female,07/08/2013,,N/A - still employed,Active,Sales,Area Sales Manager,Lynn Daneault,Social Media,Fully Meets,Master,4,2.94,4.42,Yes,2,4,Yes,Both Mentor and Mentee,3.47 ,145,Yes
"Onque, Jasmine",1501072180,1990/5/11,Female,09/30/2013,,N/A - still employed,Active,Sales,Area Sales Manager,Lynn Daneault,Headhunter,Fully Meets,Master,4,2.94,4.40,Yes,2,2,No,Both Mentor and Mentee,3.46 ,123,Yes
"Ozark, Travis",812011761,1982/5/19,Male,01/05/2015,,N/A - still employed,Active,Sales,Area Sales Manager,John Smith,Website,N/A- too early to review,Master,4,,,,,,,Mentee,,108,Yes
"Potts, Xana",1102024106,1988/8/29,Female,01/09/2012,,N/A - still employed,Active,Sales,Area Sales Manager,Lynn Daneault,Social Media,Fully Meets,Master,4,2.97,4.45,Yes,2,3,Yes,Both Mentor and Mentee,3.54 ,116,Yes
"Riordan, Michael",1502072711,1968/1/15,Male,01/09/2006,,N/A - still employed,Active,Sales,Area Sales Manager,Lynn Daneault,Headhunter,Exceeds,Master,4,3.67,5.00,Yes,4,5,Yes,Both Mentor and Mentee,4.32 ,149,Yes
"Strong, Caitrin",1411071295,1989/5/12,Female,09/27/2010,,N/A - still employed,Active,Sales,Area Sales Manager,John Smith,Social Media,Fully Meets,Master,4,2.99,4.48,Yes,2,4,Yes,Both Mentor and Mentee,3.60 ,135,Yes
"Terry, Sharlene ",1401064637,1965/5/7,Female,09/29/2014,,N/A - still employed,Active,Sales,Area Sales Manager,Lynn Daneault,Social Media,Fully Meets,Master,4,3.04,4.57,Yes,3,4,Yes,Both Mentor and Mentee,3.42 ,144,Yes
"Valentin,Jackie",1312063714,1991/5/23,Female,07/05/2011,,N/A - still employed,Active,Sales,Area Sales Manager,John Smith,Social Media,Fully Meets,Master,4,2.97,4.45,Yes,2,3,Yes,Both Mentor and Mentee,3.57 ,98,Yes
"Villanueva, Noah",1111030503,1989/7/11,Male,03/05/2012,,N/A - still employed,Active,Sales,Area Sales Manager,John Smith,Headhunter,Fully Meets,Master,4,2.96,4.45,Yes,1,3,Yes,Both Mentor and Mentee,3.54 ,149,Yes
"Houlihan, Debra",1009021646,1966/3/17,Female,05/05/2014,,N/A - still employed,Active,Sales,Director of Sales,Janet King,Headhunter,Fully Meets,Master,5,3.35,3.51,No,3,3,No,Mentee,3.44 ,130,Yes
"Daneault, Lynn",1402065303,1990/4/19,Female,05/05/2014,,N/A - still employed,Active,Sales,Sales Manager,Debra Houlihan,Social Media,Fully Meets,Master,4,2.93,4.39,Yes,2,3,Yes,Both Mentor and Mentee,3.44 ,149,Yes
"Kampew, Donysha    ",1109029264,1989/11/11,Female,11/07/2011,2014/4/24,attendance,Voluntarily Terminated,Sales,Sales Manager,Debra Houlihan,Headhunter,Fully Meets,Master,4,2.97,3.12,No,,,,Mentee,2.75 ,106,Yes
"Smith, John",1499902910,1984/8/16,Male,05/18/2014,,N/A - still employed,Active,Sales,Sales Manager,Debra Houlihan,Website,Needs Improvement,Bachelor,4,2.46,2.43,No,1,1,No,Mentee,2.94 ,120,Yes
"Andreola, Colby",1107027358,1979/5/24,Female,11/10/2014,,N/A - still employed,Active,IT/IS,Software Engineer,Alex Sweetwater,Social Media,Fully Meets,Bachelor,2,2.37,2.49,No,,,,Mentee,3.41 ,95,No
"Carabbio, Judith",1101023577,1987/4/5,Female,11/11/2013,,N/A - still employed,Active,IT/IS,Software Engineer,Alex Sweetwater,Job Fair,Exceeds,Master,2,2.85,4.36,Yes,,,,Both Mentor and Mentee,3.96 ,107,No
"Del Bosque, Keyla",1203032498,1979/7/5,Female,01/09/2012,,N/A - still employed,Active,IT/IS,Software Engineer,Alex Sweetwater,Website,Exceeds,Master,2,2.92,4.46,Yes,,,,Both Mentor and Mentee,4.04 ,161,No
"Exantus, Susan",1401064670,1987/5/15,Female,05/02/2011,2013/6/5,attendance,Terminated for Cause,IT/IS,Software Engineer,Alex Sweetwater,Website,Needs Improvement,Associate,2,1.89,1.87,No,,,,Neither Mentor nor Mentee,2.27 ,127,No
"Martin, Sandra",1303054625,1987/11/7,Female,11/11/2013,,N/A - still employed,Active,IT/IS,Software Engineer,Alex Sweetwater,Headhunter,Fully Meets,Bachelor,2,2.35,2.46,No,,,,Mentee,3.46 ,108,No
"Patronick, Luke",1112030979,1979/2/20,Male,11/07/2011,2015/9/7,career change,Voluntarily Terminated,IT/IS,Software Engineer,Alex Sweetwater,Headhunter,Exceeds,Master,2,2.92,3.71,No,,,,Both Mentor and Mentee,3.25 ,139,No
"Saada, Adell",1012023185,1986/7/24,Female,11/05/2012,,N/A - still employed,Active,IT/IS,Software Engineer,Alex Sweetwater,Social Media,Fully Meets,Bachelor,2,2.37,2.49,No,,,,Mentee,3.51 ,122,No
"Szabo, Andrew",1201031324,1983/5/6,Male,07/07/2014,,N/A - still employed,Active,IT/IS,Software Engineer,Alex Sweetwater,Headhunter,Exceptional,Master,2,3.36,5.00,Yes,,,,Both Mentor and Mentee,4.43 ,183,No
"True, Edward",1102024057,1983/6/14,Male,02/18/2013,2014/4/15,medical issues,Voluntarily Terminated,IT/IS,Software Engineer,Alex Sweetwater,Social Media,Fully Meets,Bachelor,2,2.38,2.50,No,,,,Mentee,2.69 ,135,No
"Sweetwater, Alex",1001644719,1966/11/22,Male,08/15/2011,,N/A - still employed,Active,IT/IS,Software Manager,Jennifer Zamora,Social Media,Fully Meets,Bachelor,4,3.09,4.63,Yes,3,4,Yes,Both Mentor and Mentee,3.56 ,92,Yes
"Suen, Collin",1901495124,1975/1/1,Male,2016/1/2,,N/A - still employed,Active,Executive Office,Executive Assistant,Janet King,Headhunter,N/A- too early to review,Doctorate,4,,,,,,,Mentee,,108,No
