Age,Gender,Married,Tenure,Pay Rate,Pay Grade,Bonus,Compa-Ratio,Degree Level,Performance Level,Mentor,Mentee,Engagement Score,Communication-Before,Communication-After,Communication Training,Leadership-Before,Leadership-After,Leadership Development,Employee Referral,Headhunter,Job Fair,Social Media,Website,Interview Score,IQ,Management,HP,Target,Department_Executive Office,Department_IT/IS,Department_Production,Department_Sales,Mentoring Role_Mentee,Mentoring Role_Neither Mentor nor Mentee,Employee Source_Headhunter,Employee Source_Job Fair,Employee Source_Social Media,Employee Source_Website,Interviewer_Elisa Bramante,Interviewer_Janet King,Interviewer_Jennifer Zamora
38.8,1,2,15.9,28.5,2,4.275,1.1529126213592231,3,2,1,2,3.188584474885845,1.9331153846153848,1.913784230769231,1,,,,1,1,1,2,1,2.5,110,1,1,0,FALSE,FALSE,FALSE,FALSE,TRUE,FALSE,FALSE,FALSE,TRUE,FALSE,FALSE,FALSE,FALSE
40.4,2,1,10.7,23,2,4.6000000000000005,0.930420712,3,3,1,2,3.451141552511415,2.3611153846153847,2.479171153846154,1,,,,1,1,1,1,2,2.5,134,1,1,0,FALSE,FALSE,FALSE,FALSE,TRUE,FALSE,FALSE,FALSE,FALSE,TRUE,FALSE,FALSE,FALSE
38.1,2,1,10,29,2,5.800000000000001,1.1731391585760518,4,3,1,2,3.419178082191781,2.3383461538461536,2.4552634615384608,1,,,,1,1,1,2,1,2.5,138,1,1,0,FALSE,FALSE,FALSE,FALSE,TRUE,FALSE,FALSE,FALSE,TRUE,FALSE,FALSE,FALSE,FALSE
39,1,2,9.6,21,1,,1.0920436817472698,3,0,1,2,3.4374429223744287,,,,,,,1,1,2,1,1,2,94,1,,0,FALSE,FALSE,FALSE,FALSE,TRUE,FALSE,FALSE,TRUE,FALSE,FALSE,FALSE,FALSE,FALSE
36.3,1,1,9.4,9,1,,0.4680187207488299,2,0,1,2,3.4374429223744287,,,,,,,1,1,1,1,2,1.5,107,1,,0,FALSE,FALSE,FALSE,FALSE,TRUE,FALSE,FALSE,FALSE,FALSE,TRUE,FALSE,FALSE,FALSE
37.3,1,1,13,13,1,2.6,0.6760270410816432,3,3,1,1,2.756164383561644,2.0805,2.1845250000000003,1,,,,1,1,1,1,2,3.5,99,1,1,2,FALSE,FALSE,FALSE,FALSE,FALSE,TRUE,FALSE,FALSE,FALSE,TRUE,FALSE,FALSE,FALSE
40.3,2,2,8.7,45,4,9,0.9949148795047535,4,3,2,2,3.3598173515981733,2.9308846153846155,4.396326923076924,2,3,3,1,1,1,1,2,1,4.6,104,2,2,0,FALSE,FALSE,FALSE,FALSE,FALSE,FALSE,FALSE,FALSE,TRUE,FALSE,FALSE,TRUE,FALSE
39.9,2,1,13.6,45,4,9,0.9949148795047535,4,3,1,1,2.783561643835617,3.002730769230769,3.152867307692308,1,,,,1,1,1,2,1,4.6,154,2,2,2,FALSE,FALSE,FALSE,FALSE,FALSE,TRUE,FALSE,FALSE,TRUE,FALSE,FALSE,TRUE,FALSE
37.5,1,2,9.6,29,3,,0.7835720075655229,3,0,1,2,3.4374429223744287,,,,,,,1,1,2,1,1,3,90,1,,0,FALSE,FALSE,FALSE,FALSE,TRUE,FALSE,FALSE,TRUE,FALSE,FALSE,FALSE,FALSE,FALSE
45.4,1,2,15.7,31,3,6.2,0.837611456,3,3,1,2,3.684018264840183,2.764576923076923,2.9028057692307687,1,,,,1,1,1,2,1,4.5,89,1,1,0,FALSE,FALSE,FALSE,FALSE,TRUE,FALSE,FALSE,FALSE,TRUE,FALSE,FALSE,FALSE,FALSE
70,1,2,12.2,79,6,15.8,,3,3,2,2,3.4374429223744287,,,,5,5,2,1,2,1,1,1,2.8,125,2,2,0,TRUE,FALSE,FALSE,FALSE,FALSE,FALSE,TRUE,FALSE,FALSE,FALSE,FALSE,TRUE,FALSE
45.1,1,1,14.5,69,6,20.7,1.0017421602787455,5,5,2,2,4.624657534246575,4.6425769230769225,5,2,4,4,1,2,1,1,1,1,3.8,175,2,2,0,FALSE,TRUE,FALSE,FALSE,FALSE,FALSE,FALSE,FALSE,FALSE,FALSE,FALSE,TRUE,FALSE
38.5,1,1,10.2,33,2,6.6000000000000005,1.004872107186358,3,3,1,2,2.828310502,2.3434230769230773,2.4605942307692312,1,,,,1,1,1,2,1,2.8,101,1,1,1,FALSE,TRUE,FALSE,FALSE,TRUE,FALSE,FALSE,FALSE,TRUE,FALSE,FALSE,FALSE,TRUE
52.9,1,2,9.6,28,2,5.6000000000000005,0.8526187576126673,3,3,1,2,2.800913242,2.406692307692308,2.527026923076923,1,,,,1,1,1,2,1,2.8,149,1,1,1,FALSE,TRUE,FALSE,FALSE,TRUE,FALSE,FALSE,FALSE,TRUE,FALSE,FALSE,FALSE,TRUE
38.1,2,1,9.6,30,2,,0.9135200974421436,3,0,1,1,3.4374429223744287,,,,,,,2,1,1,1,1,3.3,91,1,,1,FALSE,TRUE,FALSE,FALSE,FALSE,TRUE,FALSE,FALSE,FALSE,FALSE,FALSE,FALSE,TRUE
40.6,1,1,9.5,34,2,,1.0353227771010962,3,0,1,2,3.4374429223744287,,,,,,,1,1,1,2,1,2.8,100,1,,0,FALSE,TRUE,FALSE,FALSE,TRUE,FALSE,FALSE,FALSE,TRUE,FALSE,FALSE,FALSE,TRUE
37.9,1,2,9.7,39,2,,1.1875761266747866,3,0,1,1,3.4374429223744287,,,,,,,1,1,1,2,1,2.8,125,1,,0,FALSE,TRUE,FALSE,FALSE,FALSE,TRUE,FALSE,FALSE,TRUE,FALSE,FALSE,FALSE,TRUE
36.2,2,1,9.9,35,2,10.5,1.0657734470158342,4,5,2,2,4.414611872,3.3278076923076925,5,2,,,,2,1,1,1,1,4,140,1,1,0,FALSE,TRUE,FALSE,FALSE,FALSE,FALSE,FALSE,FALSE,FALSE,FALSE,FALSE,FALSE,TRUE
40.1,2,1,9.8,31,2,6.2,0.9439707673568816,3,3,1,2,2.6100456621004566,2.345269230769231,2.4625326923076925,1,,,,1,1,1,2,1,3.3,137,1,1,2,FALSE,TRUE,FALSE,FALSE,TRUE,FALSE,FALSE,FALSE,TRUE,FALSE,FALSE,FALSE,TRUE
40,1,2,9.9,32,2,9.6,0.9744214372716198,4,5,2,2,4.414611872,3.3468076923076926,5,2,,,,2,1,1,1,1,3.5,186,1,1,0,FALSE,TRUE,FALSE,FALSE,FALSE,FALSE,FALSE,FALSE,FALSE,FALSE,FALSE,FALSE,TRUE
43,1,2,9.6,39,2,7.8,1.1875761266747866,3,3,1,2,3.400913242009132,2.356692307692308,2.474526923076924,1,,,,1,1,1,2,1,2.8,137,1,1,0,FALSE,TRUE,FALSE,FALSE,TRUE,FALSE,FALSE,FALSE,TRUE,FALSE,FALSE,FALSE,TRUE
38.1,2,2,9.5,32,2,,0.9744214372716198,3,0,1,2,3.4374429223744287,,,,,,,1,1,2,1,1,3.3,98,1,,0,FALSE,TRUE,FALSE,FALSE,TRUE,FALSE,FALSE,TRUE,FALSE,FALSE,FALSE,FALSE,TRUE
36.8,2,1,9.7,35,2,,1.0657734470158342,4,0,1,1,3.4374429223744287,,,,,,,1,2,1,1,1,4,125,1,,2,FALSE,TRUE,FALSE,FALSE,FALSE,TRUE,TRUE,FALSE,FALSE,FALSE,FALSE,FALSE,TRUE
54.6,2,2,9.7,30.2,2,,0.9196102314250912,3,0,1,2,3.4374429223744287,,,,,,,2,1,1,1,1,3.3,92,1,,0,FALSE,TRUE,FALSE,FALSE,TRUE,FALSE,FALSE,FALSE,FALSE,FALSE,FALSE,FALSE,TRUE
45.6,1,1,9.5,31.4,2,,0.956151035,3,0,1,2,3.4374429223744287,,,,,,,2,1,1,1,1,2.8,127,1,,0,FALSE,TRUE,FALSE,FALSE,TRUE,FALSE,FALSE,FALSE,FALSE,FALSE,FALSE,FALSE,TRUE
44.2,2,1,13.5,59,5,17.7,1.0925925925925926,5,5,2,2,4.578995433789953,4.323192307692308,5,2,4,5,2,2,1,1,1,1,5.1,189,2,2,0,FALSE,TRUE,FALSE,FALSE,FALSE,FALSE,FALSE,FALSE,FALSE,FALSE,FALSE,TRUE,FALSE
51.5,2,1,11.7,52,4,10.4,1.04,4,3,2,2,3.496803652968037,3.0315000000000003,4.54725,2,3,2,1,1,2,1,1,1,4.6,106,2,2,0,FALSE,TRUE,FALSE,FALSE,FALSE,FALSE,TRUE,FALSE,FALSE,FALSE,FALSE,TRUE,FALSE
60.7,2,1,12.7,34,4,6.800000000000001,0.68,3,3,1,2,2.742465753424657,3.093384615384616,3.248053846153846,1,,,,1,1,1,1,2,4.1,142,2,2,2,FALSE,TRUE,FALSE,FALSE,TRUE,FALSE,FALSE,FALSE,FALSE,TRUE,FALSE,TRUE,FALSE
38,2,2,12.6,38,4,7.6,0.76,3,3,2,2,3.5378995433789955,2.977846153846154,4.4667692307692315,2,2,2,1,1,1,2,1,1,4.1,99,2,2,0,FALSE,TRUE,FALSE,FALSE,FALSE,FALSE,FALSE,TRUE,FALSE,FALSE,FALSE,TRUE,FALSE
54.2,2,1,10.7,64,4,16,1.28,5,4,2,2,3.951141552511415,3.531653846153846,5,2,3,5,2,1,2,1,1,1,5.1,148,2,2,0,FALSE,TRUE,FALSE,FALSE,FALSE,FALSE,TRUE,FALSE,FALSE,FALSE,FALSE,TRUE,FALSE
39.1,2,1,12.1,28.99,2,5.798,0.9663333333333332,3,3,1,2,3.515068493150685,2.3756538461538454,2.4944365384615383,1,,,,1,1,1,2,1,3.3,142,1,1,0,FALSE,TRUE,FALSE,FALSE,TRUE,FALSE,FALSE,FALSE,TRUE,FALSE,FALSE,FALSE,TRUE
56.2,1,1,14.4,31,2,6.2,1.0333333333333334,3,3,1,2,3.6200913242009127,2.497038461538461,2.621890384615385,1,,,,1,1,1,2,1,2.8,96,1,1,0,FALSE,TRUE,FALSE,FALSE,TRUE,FALSE,FALSE,FALSE,TRUE,FALSE,FALSE,FALSE,TRUE
36,1,1,13.7,26,2,6.5,0.8666666666666667,3,4,2,2,4.0881278538812795,2.8847692307692308,4.413696923076923,2,,,,2,1,1,1,1,2.8,155,1,1,0,FALSE,TRUE,FALSE,FALSE,FALSE,FALSE,FALSE,FALSE,FALSE,FALSE,FALSE,FALSE,TRUE
51.5,1,2,13.3,27,2,5.4,0.9,3,3,1,2,3.5698630136986296,2.4566153846153846,2.5794461538461535,1,,,,1,1,1,2,1,2.8,134,1,1,0,FALSE,TRUE,FALSE,FALSE,TRUE,FALSE,FALSE,FALSE,TRUE,FALSE,FALSE,FALSE,TRUE
36.7,2,1,9.7,35,2,,1.088985687616677,4,0,1,2,3.4374429223744287,,,,,,,1,1,1,2,1,4,97,1,,0,FALSE,TRUE,FALSE,FALSE,TRUE,FALSE,FALSE,FALSE,TRUE,FALSE,FALSE,FALSE,TRUE
34.8,2,2,9.5,32,2,,0.9956440572495332,3,0,1,2,3.4374429223744287,,,,,,,2,1,1,1,1,3.3,90,1,,0,FALSE,TRUE,FALSE,FALSE,TRUE,FALSE,FALSE,FALSE,FALSE,FALSE,FALSE,FALSE,TRUE
36.2,1,2,9.7,37,2,,1.1512134411947728,3,0,1,2,3.4374429223744287,,,,,,,2,1,1,1,1,2.8,94,1,,0,FALSE,TRUE,FALSE,FALSE,TRUE,FALSE,FALSE,FALSE,FALSE,FALSE,FALSE,FALSE,TRUE
43.4,1,1,9.7,39,2,7.8,1.2134411947728687,3,3,1,2,3.405479452054794,2.362269230769231,2.4803826923076926,1,,,,1,1,1,2,1,2.8,146,1,1,0,FALSE,TRUE,FALSE,FALSE,TRUE,FALSE,FALSE,FALSE,TRUE,FALSE,FALSE,FALSE,TRUE
37.3,2,1,9.5,43,2,,1.3378967019290604,3,0,1,2,3.4374429223744287,,,,,,,1,2,1,1,1,3.3,93,1,,0,FALSE,TRUE,FALSE,FALSE,TRUE,FALSE,TRUE,FALSE,FALSE,FALSE,FALSE,FALSE,TRUE
45.5,1,2,9.6,27,2,5.4,0.8400746733042938,3,3,1,2,3.400913242009132,2.369192307692308,2.487651923076923,1,,,,1,1,1,2,1,2.8,148,1,1,0,FALSE,TRUE,FALSE,FALSE,TRUE,FALSE,FALSE,FALSE,TRUE,FALSE,FALSE,FALSE,TRUE
43.4,1,2,10,39,2,7.8,1.2134411947728687,3,3,1,2,3.419178082191781,2.3653461538461538,2.4836134615384617,1,,,,1,1,1,2,1,2.8,116,1,1,0,FALSE,TRUE,FALSE,FALSE,TRUE,FALSE,FALSE,FALSE,TRUE,FALSE,FALSE,FALSE,TRUE
36.4,2,1,9.7,28,2,5.6000000000000005,0.8711885500933416,3,3,1,2,2.6054794520547944,2.326769230769231,2.4431076923076924,1,,,,1,1,1,2,1,3.3,140,1,1,2,FALSE,TRUE,FALSE,FALSE,TRUE,FALSE,FALSE,FALSE,TRUE,FALSE,FALSE,FALSE,TRUE
55.5,2,2,9.5,29,2,,0.9023024268823894,4,0,1,2,3.4374429223744287,,,,,,,2,1,1,1,1,4,112,1,,0,FALSE,TRUE,FALSE,FALSE,TRUE,FALSE,FALSE,FALSE,FALSE,FALSE,FALSE,FALSE,TRUE
49.4,2,2,9.5,39,3,7.8,0.6993006993006992,4,3,1,2,2.796347032,2.687153846153846,2.8215115384615386,1,,,,1,2,1,1,1,4,116,1,1,1,FALSE,TRUE,FALSE,FALSE,TRUE,FALSE,TRUE,FALSE,FALSE,FALSE,FALSE,FALSE,TRUE
38.3,1,1,8.2,59,3,,1.057916442531827,5,0,1,2,3.4374429223744287,,,,,,,1,2,1,1,1,4.3,95,1,,0,FALSE,TRUE,FALSE,FALSE,TRUE,FALSE,TRUE,FALSE,FALSE,FALSE,FALSE,FALSE,TRUE
60.2,2,2,10.6,38,3,7.6,0.6813699121391428,4,3,1,2,2.846575342,2.758076923076923,2.8959807692307686,1,,,,1,2,1,1,1,4,118,1,1,1,FALSE,TRUE,FALSE,FALSE,TRUE,FALSE,TRUE,FALSE,FALSE,FALSE,FALSE,FALSE,TRUE
51.3,1,1,9.7,37,3,,0.6634391249775865,4,0,1,1,3.4374429223744287,,,,,,,1,2,1,1,1,3.5,106,1,,2,FALSE,TRUE,FALSE,FALSE,FALSE,TRUE,TRUE,FALSE,FALSE,FALSE,FALSE,FALSE,TRUE
72.7,1,2,9.9,34,3,6.800000000000001,0.7109995817649519,4,3,1,2,3.4146118721461187,2.8103076923076924,2.950823076923077,1,,,,1,1,1,2,1,3.5,128,1,1,0,FALSE,TRUE,FALSE,FALSE,TRUE,FALSE,FALSE,FALSE,TRUE,FALSE,FALSE,FALSE,TRUE
38.4,2,2,9.9,46,3,9.2,0.9619406106231702,4,3,1,2,3.4146118721461187,2.6388076923076924,2.770748076923077,1,,,,1,2,1,1,1,4,137,1,1,0,FALSE,TRUE,FALSE,FALSE,TRUE,FALSE,TRUE,FALSE,FALSE,FALSE,FALSE,FALSE,TRUE
41.6,2,2,8.2,33,3,,0.6900878293601003,4,0,1,2,3.4374429223744287,,,,,,,1,1,2,1,1,4,110,1,,0,FALSE,TRUE,FALSE,FALSE,TRUE,FALSE,FALSE,TRUE,FALSE,FALSE,FALSE,FALSE,TRUE
59,2,1,9.9,32,3,8,0.6691760769552488,4,4,2,2,3.914611872146119,3.241807692307692,4.959965769230768,2,,,,2,1,1,1,1,4,151,1,1,0,FALSE,TRUE,FALSE,FALSE,FALSE,FALSE,FALSE,FALSE,FALSE,FALSE,FALSE,FALSE,TRUE
46.4,1,1,9.5,35,3,,0.7319113341698034,4,0,1,2,3.4374429223744287,,,,,,,2,1,1,1,1,3.5,98,1,,0,FALSE,TRUE,FALSE,FALSE,TRUE,FALSE,FALSE,FALSE,FALSE,FALSE,FALSE,FALSE,TRUE
41.5,1,1,15.7,59,5,14.75,1.0052819901175667,3,4,2,2,4.184018264840184,3.845076923076923,5,2,3,5,2,1,2,1,1,1,2.8,147,2,2,0,FALSE,FALSE,TRUE,FALSE,FALSE,FALSE,TRUE,FALSE,FALSE,FALSE,FALSE,TRUE,FALSE
56,2,1,13.2,44,4,8.8,0.9166666666666666,4,3,2,2,3.565296803652968,3.0770769230769237,4.615615384615385,2,3,3,1,1,1,1,2,1,4.6,131,2,2,0,FALSE,FALSE,TRUE,FALSE,FALSE,FALSE,FALSE,FALSE,TRUE,FALSE,FALSE,TRUE,FALSE
54.5,2,1,11,40,4,8,0.8333333333333333,4,3,1,2,2.664840182648402,3.036230769230769,3.1880423076923083,1,,,,1,1,1,2,1,4.6,138,2,2,2,FALSE,FALSE,TRUE,FALSE,TRUE,FALSE,FALSE,FALSE,TRUE,FALSE,FALSE,TRUE,FALSE
41.1,2,1,8.7,40,4,10,0.8333333333333333,2,4,2,2,3.859817351598173,3.433846153846154,5,2,4,4,2,1,2,1,1,1,3.6,114,2,2,0,FALSE,FALSE,TRUE,FALSE,FALSE,FALSE,TRUE,FALSE,FALSE,FALSE,FALSE,TRUE,FALSE
50.8,1,1,10,41,4,8.200000000000001,0.8541666666666666,4,3,2,2,3.419178082191781,3.0023461538461538,4.503519231,2,3,3,1,1,1,1,2,1,3.3,141,2,2,0,FALSE,FALSE,TRUE,FALSE,FALSE,FALSE,FALSE,FALSE,TRUE,FALSE,FALSE,TRUE,FALSE
43.2,2,1,9.3,44,4,8.8,0.9166666666666666,4,3,2,2,3.387214611872146,2.9535769230769238,4.430365384615385,2,3,3,1,1,1,1,2,1,4.6,101,2,2,0,FALSE,FALSE,TRUE,FALSE,FALSE,FALSE,FALSE,FALSE,TRUE,FALSE,FALSE,TRUE,FALSE
52.2,2,2,13.7,38,4,7.6,0.7916666666666666,3,3,1,2,2.988127854,3.066269230769231,3.2195826923076925,1,,,,1,1,1,2,1,4.1,114,2,2,1,FALSE,FALSE,TRUE,FALSE,TRUE,FALSE,FALSE,FALSE,TRUE,FALSE,FALSE,TRUE,FALSE
47.9,2,1,13.6,40,4,6,0.8333333333333333,3,2,1,1,2.183561644,2.542730769230769,2.5173034615384613,1,,,,1,1,1,1,2,4.1,98,2,1,2,FALSE,FALSE,TRUE,FALSE,FALSE,TRUE,FALSE,FALSE,FALSE,TRUE,FALSE,TRUE,FALSE
42.9,1,2,11,54,4,13.5,1.125,4,4,2,2,3.9648401826484014,3.4782307692307697,5,2,3,5,2,1,2,1,1,1,3.3,157,2,2,0,FALSE,FALSE,TRUE,FALSE,FALSE,FALSE,TRUE,FALSE,FALSE,FALSE,FALSE,TRUE,FALSE
43.1,2,1,12.1,43,4,8.6,0.8958333333333333,4,3,2,2,3.515068493150685,2.9961538461538466,4.494230769,2,3,4,2,1,1,1,2,1,4.6,116,2,2,0,FALSE,FALSE,TRUE,FALSE,FALSE,FALSE,FALSE,FALSE,TRUE,FALSE,FALSE,TRUE,FALSE
47.4,1,1,13.9,39,4,7.8,0.8125,3,3,1,2,2.7972602739726025,3.0463846153846155,3.1987038461538466,1,,,,1,1,1,2,1,2.8,146,2,2,2,FALSE,FALSE,TRUE,FALSE,TRUE,FALSE,FALSE,FALSE,TRUE,FALSE,FALSE,TRUE,FALSE
49,1,2,12,39,4,7.8,0.8125,4,3,2,2,3.5105022831050228,3.023615384615385,4.535423076923077,2,3,4,2,1,1,1,2,1,3.3,154,2,2,0,FALSE,FALSE,TRUE,FALSE,FALSE,FALSE,FALSE,FALSE,TRUE,FALSE,FALSE,TRUE,FALSE
48.8,2,1,14.2,40,4,6,0.8333333333333333,3,2,2,2,3.1109589041095886,2.5564615384615386,2.530896923076923,1,1,1,1,1,1,2,1,1,4.1,93,2,1,0,FALSE,FALSE,TRUE,FALSE,FALSE,FALSE,FALSE,TRUE,FALSE,FALSE,FALSE,TRUE,FALSE
46.5,1,2,15.7,45,4,9,0.9375,4,3,2,2,3.679452055,3.068538461538461,4.602807692307692,2,3,4,2,1,1,1,2,1,3.3,114,2,2,0,FALSE,FALSE,TRUE,FALSE,FALSE,FALSE,FALSE,FALSE,TRUE,FALSE,FALSE,TRUE,FALSE
68.9,1,2,13,39,4,7.8,0.8125,3,3,1,1,2.756164383561644,3.1385000000000005,3.2954250000000007,1,,,,1,1,1,2,1,2.8,133,2,2,2,FALSE,FALSE,TRUE,FALSE,FALSE,TRUE,FALSE,FALSE,TRUE,FALSE,FALSE,TRUE,FALSE
41.2,2,1,13.2,20,2,5,1.0400416016640666,4,4,2,2,4.069863014,2.9051153846153848,4.4448265384615375,2,,,,2,1,1,1,1,4.8,119,1,1,0,FALSE,FALSE,TRUE,FALSE,FALSE,FALSE,FALSE,FALSE,FALSE,FALSE,TRUE,FALSE,FALSE
36,1,2,16.7,21,2,4.2,1.0920436817472698,3,3,1,2,3.725114155251141,2.4324615384615385,2.5540846153846157,1,,,,1,1,1,1,2,3.1,141,1,1,0,FALSE,FALSE,TRUE,FALSE,TRUE,FALSE,FALSE,FALSE,FALSE,TRUE,TRUE,FALSE,FALSE
35,1,1,13.2,16,2,,0.8320332813312532,2,0,1,1,3.4374429223744287,,,,,,,2,1,1,1,1,2.4,111,1,,2,FALSE,FALSE,TRUE,FALSE,FALSE,TRUE,FALSE,FALSE,FALSE,FALSE,TRUE,FALSE,FALSE
47.3,1,1,12.7,23,2,6.9,1.1960478419136764,3,5,2,2,4.542465753424658,3.426384615384616,5,2,,,,2,1,1,1,1,3.1,181,1,1,0,FALSE,FALSE,TRUE,FALSE,FALSE,FALSE,FALSE,FALSE,FALSE,FALSE,TRUE,FALSE,FALSE
41.6,2,1,11,22,2,4.4,1.1440457618304731,3,3,1,2,3.4648401826484014,2.3717307692307688,2.490317307692308,1,,,,2,1,1,1,1,4.1,117,1,1,0,FALSE,FALSE,TRUE,FALSE,TRUE,FALSE,FALSE,FALSE,FALSE,FALSE,TRUE,FALSE,FALSE
54.6,1,1,15.2,22,2,4.4,1.1440457618304731,2,3,1,2,3.661187214611872,2.502884615384616,2.6280288461538466,1,,,,1,1,1,1,2,2.4,134,1,1,0,FALSE,FALSE,TRUE,FALSE,TRUE,FALSE,FALSE,FALSE,FALSE,TRUE,TRUE,FALSE,FALSE
50.7,1,2,13.7,17,2,,0.8840353614144566,2,0,1,1,3.4374429223744287,,,,,,,1,1,2,1,1,2.4,112,1,,1,FALSE,FALSE,TRUE,FALSE,FALSE,TRUE,FALSE,TRUE,FALSE,FALSE,TRUE,FALSE,FALSE
50.6,2,2,12.5,22,2,,1.1440457618304731,3,0,1,1,3.4374429223744287,,,,,,,1,1,2,1,1,4.1,119,1,,2,FALSE,FALSE,TRUE,FALSE,FALSE,TRUE,FALSE,TRUE,FALSE,FALSE,TRUE,FALSE,FALSE
41.2,2,1,12.6,16.76,2,3.3520000000000003,0.8715548621944877,2,3,1,2,3.5378995433789955,2.393846153846154,2.5135384615384617,1,,,,1,1,1,1,2,3.4,90,1,1,0,FALSE,FALSE,TRUE,FALSE,TRUE,FALSE,FALSE,FALSE,FALSE,TRUE,TRUE,FALSE,FALSE
47.2,2,1,12,18,2,3.6,0.9360374414976598,2,3,1,1,2.710502283105023,2.415115384615385,2.5358711538461542,1,,,,1,1,1,1,2,3.4,109,1,1,2,FALSE,FALSE,TRUE,FALSE,FALSE,TRUE,FALSE,FALSE,FALSE,TRUE,TRUE,FALSE,FALSE
53.9,1,1,13.5,22,2,4.4,1.1440457618304731,2,3,1,2,3.578995433789954,2.471692307692308,2.5952769230769235,1,,,,1,1,1,1,2,2.4,96,1,1,0,FALSE,FALSE,TRUE,FALSE,TRUE,FALSE,FALSE,FALSE,FALSE,TRUE,TRUE,FALSE,FALSE
45.5,2,1,11.2,17,2,3.4000000000000004,0.8840353614144566,2,3,1,2,3.473972602739725,2.3938076923076923,2.513498076923077,1,,,,1,1,1,1,2,3.4,127,1,1,0,FALSE,FALSE,TRUE,FALSE,TRUE,FALSE,FALSE,FALSE,FALSE,TRUE,TRUE,FALSE,FALSE
53.8,2,1,12.5,16,2,3.2,0.8320332813312532,2,3,1,2,3.5333333333333328,2.4553076923076924,2.5780730769230766,1,,,,1,1,1,1,2,3.4,110,1,1,0,FALSE,FALSE,TRUE,FALSE,TRUE,FALSE,FALSE,FALSE,FALSE,TRUE,TRUE,FALSE,FALSE
65.7,1,1,11.1,22,2,4.4,1.1440457618304731,3,3,1,2,3.469406392694064,2.4937692307692307,2.6184576923076923,1,,,,1,1,1,1,2,3.1,96,1,1,0,FALSE,FALSE,TRUE,FALSE,TRUE,FALSE,FALSE,FALSE,FALSE,TRUE,TRUE,FALSE,FALSE
35.1,1,2,10.2,16,2,4,0.8320332813312532,2,4,2,2,3.9283105022831046,2.8264230769230774,4.324427307692308,2,,,,1,2,1,1,1,2.4,147,1,1,0,FALSE,FALSE,TRUE,FALSE,FALSE,FALSE,TRUE,FALSE,FALSE,FALSE,TRUE,FALSE,FALSE
34.1,1,1,12.5,20,2,4,1.0400416016640666,3,3,1,1,2.7333333333333334,2.3568076923076924,2.474648076923077,1,,,,1,1,1,1,2,3.1,104,1,1,2,FALSE,FALSE,TRUE,FALSE,FALSE,TRUE,FALSE,FALSE,FALSE,TRUE,TRUE,FALSE,FALSE
54.9,1,1,10.9,20,2,4,1.0400416016640666,3,3,1,2,3.460273973,2.436692307692308,2.5585269230769234,1,,,,1,1,1,1,2,3.1,114,1,1,0,FALSE,FALSE,TRUE,FALSE,TRUE,FALSE,FALSE,FALSE,FALSE,TRUE,TRUE,FALSE,FALSE
41.6,2,1,10.5,20,2,4,1.0400416016640666,3,3,1,2,3.4420091324200914,2.364038461538461,2.482240384615385,1,,,,1,1,1,1,2,4.1,139,1,1,0,FALSE,FALSE,TRUE,FALSE,TRUE,FALSE,FALSE,FALSE,FALSE,TRUE,TRUE,FALSE,FALSE
73.7,1,1,10,16,2,3.2,0.8320332813312532,2,3,1,2,3.419178082191781,2.5168461538461537,2.6426884615384614,1,,,,1,1,1,1,2,2.4,125,1,1,0,FALSE,FALSE,TRUE,FALSE,TRUE,FALSE,FALSE,FALSE,FALSE,TRUE,TRUE,FALSE,FALSE
45.6,1,1,10.4,19.5,2,3.9,1.0140405616224648,2,3,1,2,3.4374429223744287,2.3825000000000003,2.501625,1,,,,1,1,1,1,2,2.4,122,1,1,0,FALSE,FALSE,TRUE,FALSE,TRUE,FALSE,FALSE,FALSE,FALSE,TRUE,TRUE,FALSE,FALSE
41.1,2,1,11.2,22,2,4.4,1.1440457618304731,3,3,1,2,3.473972602739725,2.3718076923076925,2.4903980769230767,1,,,,1,1,1,1,2,4.1,108,1,1,0,FALSE,FALSE,TRUE,FALSE,TRUE,FALSE,FALSE,FALSE,FALSE,TRUE,TRUE,FALSE,FALSE
41.1,1,1,13.3,21,2,,1.0920436817472698,3,0,1,1,3.4374429223744287,,,,,,,2,1,1,1,1,3.1,99,1,,2,FALSE,FALSE,TRUE,FALSE,FALSE,TRUE,FALSE,FALSE,FALSE,FALSE,TRUE,FALSE,FALSE
36.3,1,1,13,22,2,4.4,1.1440457618304731,3,3,1,2,3.556164383561644,2.3760000000000003,2.494800000000001,1,,,,1,1,1,1,2,3.1,116,1,1,0,FALSE,FALSE,TRUE,FALSE,TRUE,FALSE,FALSE,FALSE,FALSE,TRUE,TRUE,FALSE,FALSE
44.1,2,2,8.2,24.75,2,6.1875,1.2870514820592824,3,4,1,2,3.8369863013698633,2.840653846153846,3.7496630769230768,2,,,,2,1,1,1,1,4.1,98,1,1,0,FALSE,FALSE,TRUE,FALSE,TRUE,FALSE,FALSE,FALSE,FALSE,FALSE,TRUE,FALSE,FALSE
47,2,1,11.2,15,2,3,0.7800312012480499,2,3,1,2,3.473972602739725,2.4018076923076923,2.521898076923077,1,,,,1,1,1,1,2,3.4,136,1,1,0,FALSE,FALSE,TRUE,FALSE,TRUE,FALSE,FALSE,FALSE,FALSE,TRUE,TRUE,FALSE,FALSE
45.1,2,2,13.2,15,2,2.25,0.7800312012480499,2,2,1,1,2.265296803652968,1.9230769230769231,1.903846153846154,1,,,,1,1,2,1,1,3.4,99,1,1,1,FALSE,FALSE,TRUE,FALSE,FALSE,TRUE,FALSE,TRUE,FALSE,FALSE,TRUE,FALSE,FALSE
47.5,1,2,9.7,15.75,2,,0.8190327613104524,2,0,1,2,3.4374429223744287,,,,,,,1,1,1,1,2,2.4,109,1,,0,FALSE,FALSE,TRUE,FALSE,TRUE,FALSE,FALSE,FALSE,FALSE,TRUE,TRUE,FALSE,FALSE
37.5,1,1,8.2,19.75,2,,1.0270410816432658,2,0,1,2,3.4374429223744287,,,,,,,2,1,1,1,1,2.4,119,1,,0,FALSE,FALSE,TRUE,FALSE,TRUE,FALSE,FALSE,FALSE,FALSE,FALSE,TRUE,FALSE,FALSE
45.9,1,2,12.2,15,2,3,0.7800312012480499,2,3,1,2,3.5242009132420087,2.4127307692307687,2.533367307692308,1,,,,1,1,1,1,2,2.4,133,1,1,0,FALSE,FALSE,TRUE,FALSE,TRUE,FALSE,FALSE,FALSE,FALSE,TRUE,TRUE,FALSE,FALSE
46.9,2,1,13.4,23.5,2,4.7,1.2220488819552782,3,3,1,1,2.474429224,2.4351538461538462,2.556911538461539,1,,,,1,1,1,1,2,4.1,133,1,1,2,FALSE,FALSE,TRUE,FALSE,FALSE,TRUE,FALSE,FALSE,FALSE,TRUE,TRUE,FALSE,FALSE
57.4,2,2,10.2,20,2,2,1.0400416016640666,2,1,1,1,2.728310502,1.438423076923077,1.2945807692307694,1,,,,1,1,1,1,2,3.4,120,1,1,0,FALSE,FALSE,TRUE,FALSE,FALSE,TRUE,FALSE,FALSE,FALSE,TRUE,TRUE,FALSE,FALSE
41.9,2,1,10.4,19,2,3.8,0.9880395215808632,2,3,1,2,3.4374429223744287,2.3635,2.481675,1,,,,1,1,1,1,2,3.4,129,1,1,0,FALSE,FALSE,TRUE,FALSE,TRUE,FALSE,FALSE,FALSE,FALSE,TRUE,TRUE,FALSE,FALSE
45.8,1,2,11.7,22,2,3.3,1.1440457618304731,2,2,1,2,2.996803652968037,1.9035,1.8844650000000005,1,,,,1,1,2,1,1,2.4,97,1,1,0,FALSE,FALSE,TRUE,FALSE,TRUE,FALSE,FALSE,TRUE,FALSE,FALSE,TRUE,FALSE,FALSE
38,1,1,12.5,16.75,2,3.35,0.8710348413936557,2,3,1,2,3.5333333333333328,2.3763076923076927,2.4951230769230768,1,,,,1,1,1,1,2,2.4,111,1,1,0,FALSE,FALSE,TRUE,FALSE,TRUE,FALSE,FALSE,FALSE,FALSE,TRUE,TRUE,FALSE,FALSE
33.1,1,1,13.5,17,2,3.4000000000000004,0.8840353614144566,2,3,1,1,2.7789954337899543,2.367192307692308,2.4855519230769234,1,,,,1,1,1,1,2,2.4,116,1,1,2,FALSE,FALSE,TRUE,FALSE,FALSE,TRUE,FALSE,FALSE,FALSE,TRUE,TRUE,FALSE,FALSE
50.3,2,1,9.9,21.25,2,4.25,1.1050442017680706,3,3,1,2,3.4146118721461187,2.3983076923076925,2.5182230769230767,1,,,,1,1,1,1,2,4.1,125,1,1,0,FALSE,FALSE,TRUE,FALSE,TRUE,FALSE,FALSE,FALSE,FALSE,TRUE,TRUE,FALSE,FALSE
46.1,2,2,10.5,21,2,4.2,1.0920436817472698,3,3,1,2,3.4420091324200914,2.3860384615384613,2.5053403846153843,1,,,,2,1,1,1,1,4.1,148,1,1,0,FALSE,FALSE,TRUE,FALSE,TRUE,FALSE,FALSE,FALSE,FALSE,FALSE,TRUE,FALSE,FALSE
41.1,2,1,12.5,17,2,2.55,0.8840353614144566,2,2,1,1,2.2333333333333334,1.8918076923076923,1.8728896153846155,1,,,,1,1,2,1,1,3.4,120,1,1,1,FALSE,FALSE,TRUE,FALSE,FALSE,TRUE,FALSE,TRUE,FALSE,FALSE,TRUE,FALSE,FALSE
35.4,1,1,10.6,18,2,,0.9360374414976598,2,0,1,1,3.4374429223744287,,,,,,,2,1,1,1,1,2.4,102,1,,1,FALSE,FALSE,TRUE,FALSE,FALSE,TRUE,FALSE,FALSE,FALSE,FALSE,TRUE,FALSE,FALSE
69.4,1,2,12.9,20,2,4,1.0400416016640666,3,3,1,1,2.7515981735159816,2.5399615384615384,2.666959615384616,1,,,,1,1,1,1,2,3.1,137,1,1,2,FALSE,FALSE,TRUE,FALSE,FALSE,TRUE,FALSE,FALSE,FALSE,TRUE,TRUE,FALSE,FALSE
34.9,2,2,9.4,18,2,,0.9360374414976598,2,0,1,2,3.4374429223744287,,,,,,,1,1,2,1,1,3.4,125,1,,0,FALSE,FALSE,TRUE,FALSE,TRUE,FALSE,FALSE,TRUE,FALSE,FALSE,TRUE,FALSE,FALSE
38.3,1,1,12.6,23,2,4.6000000000000005,1.1960478419136764,3,3,1,2,3.5378995433789955,2.379346153846154,2.4983134615384617,1,,,,1,1,1,1,2,3.1,117,1,1,0,FALSE,FALSE,TRUE,FALSE,TRUE,FALSE,FALSE,FALSE,FALSE,TRUE,TRUE,FALSE,FALSE
43.5,1,2,12.7,24,2,4.800000000000001,1.248049922,3,3,1,2,3.5424657534246577,2.407384615384616,2.5277538461538467,1,,,,1,1,1,1,2,3.1,97,1,1,0,FALSE,FALSE,TRUE,FALSE,TRUE,FALSE,FALSE,FALSE,FALSE,TRUE,TRUE,FALSE,FALSE
39,2,1,9.5,19,2,,0.9880395215808632,2,0,1,2,3.4374429223744287,,,,,,,2,1,1,1,1,3.4,117,1,,0,FALSE,FALSE,TRUE,FALSE,TRUE,FALSE,FALSE,FALSE,FALSE,FALSE,TRUE,FALSE,FALSE
44.4,2,1,11.2,18,2,3.6,0.9360374414976598,2,3,1,2,3.473972602739725,2.3888076923076924,2.5082480769230773,1,,,,1,1,1,1,2,3.4,113,1,1,0,FALSE,FALSE,TRUE,FALSE,TRUE,FALSE,FALSE,FALSE,FALSE,TRUE,TRUE,FALSE,FALSE
40.8,1,1,13.4,24,2,4.800000000000001,1.248049922,3,3,1,2,3.574429223744292,2.4046538461538463,2.524886538461539,1,,,,1,1,1,1,2,3.1,104,1,1,0,FALSE,FALSE,TRUE,FALSE,TRUE,FALSE,FALSE,FALSE,FALSE,TRUE,TRUE,FALSE,FALSE
34,1,2,9.5,19,2,,0.9880395215808632,2,0,1,2,3.4374429223744287,,,,,,,1,1,2,1,1,2.4,113,1,,0,FALSE,FALSE,TRUE,FALSE,TRUE,FALSE,FALSE,TRUE,FALSE,FALSE,TRUE,FALSE,FALSE
54.4,1,1,12.9,22,2,,1.1440457618304731,3,0,1,1,3.4374429223744287,,,,,,,1,1,2,1,1,3.1,119,1,,2,FALSE,FALSE,TRUE,FALSE,FALSE,TRUE,FALSE,TRUE,FALSE,FALSE,TRUE,FALSE,FALSE
50.1,2,1,12.5,15,2,2.25,0.7800312012480499,2,2,1,1,2.2333333333333334,1.9373076923076924,1.9179346153846155,1,,,,1,1,2,1,1,3.4,96,1,1,2,FALSE,FALSE,TRUE,FALSE,FALSE,TRUE,FALSE,TRUE,FALSE,FALSE,TRUE,FALSE,FALSE
44.4,1,1,10,16,2,4,0.8320332813312532,2,4,1,2,3.919178082191781,2.8698461538461535,3.788196923076924,2,,,,2,1,1,1,1,2.4,99,1,1,0,FALSE,FALSE,TRUE,FALSE,TRUE,FALSE,FALSE,FALSE,FALSE,FALSE,TRUE,FALSE,FALSE
32.3,1,1,10.9,17,2,3.4000000000000004,0.8840353614144566,2,3,1,2,3.460273973,2.323192307692308,2.439351923076923,1,,,,1,1,1,1,2,2.4,125,1,1,0,FALSE,FALSE,TRUE,FALSE,TRUE,FALSE,FALSE,FALSE,FALSE,TRUE,TRUE,FALSE,FALSE
55,2,1,13.2,16,2,4,0.8320332813312532,2,4,2,2,4.065296803652968,2.9720769230769237,4.547277692307692,2,,,,1,2,1,1,1,3.4,141,1,1,0,FALSE,FALSE,TRUE,FALSE,FALSE,FALSE,TRUE,FALSE,FALSE,FALSE,TRUE,FALSE,FALSE
45.3,2,2,12.2,15,2,3,0.7800312012480499,2,3,1,2,3.5242009132420087,2.4102307692307687,2.530742307692308,1,,,,1,1,1,1,2,3.4,109,1,1,0,FALSE,FALSE,TRUE,FALSE,TRUE,FALSE,FALSE,FALSE,FALSE,TRUE,TRUE,FALSE,FALSE
50,1,2,11.1,24,2,4.800000000000001,1.248049922,4,3,1,2,3.469406392694064,2.4147692307692306,2.535507692307692,1,,,,1,1,1,1,2,3.8,114,1,1,0,FALSE,FALSE,TRUE,FALSE,TRUE,FALSE,FALSE,FALSE,FALSE,TRUE,TRUE,FALSE,FALSE
41.3,1,1,13.6,14,2,2.8000000000000003,0.7280291211648465,2,3,1,2,2.783561643835617,2.4102307692307687,2.530742307692308,1,,,,1,1,1,1,2,2.4,138,1,1,2,FALSE,FALSE,TRUE,FALSE,TRUE,FALSE,FALSE,FALSE,FALSE,TRUE,TRUE,FALSE,FALSE
47.5,1,2,12.8,24,2,4.800000000000001,1.248049922,3,3,1,2,3.5515981735159814,2.4304615384615387,2.551984615384616,1,,,,1,1,1,1,2,3.1,113,1,1,0,FALSE,FALSE,TRUE,FALSE,TRUE,FALSE,FALSE,FALSE,FALSE,TRUE,TRUE,FALSE,FALSE
42.1,2,2,12.4,21,2,4.2,1.0920436817472698,3,3,1,2,3.528767123287671,2.3952692307692307,2.515032692307692,1,,,,1,1,1,1,2,4.1,111,1,1,0,FALSE,FALSE,TRUE,FALSE,TRUE,FALSE,FALSE,FALSE,FALSE,TRUE,TRUE,FALSE,FALSE
72.1,1,1,12.7,19.75,2,3.95,1.0270410816432658,2,3,1,2,2.742465753424657,2.5503846153846155,2.6779038461538462,1,,,,1,1,1,1,2,2.4,117,1,1,2,FALSE,FALSE,TRUE,FALSE,TRUE,FALSE,FALSE,FALSE,FALSE,TRUE,TRUE,FALSE,FALSE
50.4,1,2,10.4,20,2,5,1.0400416016640666,3,4,1,2,3.9374429223744287,2.9065000000000003,3.836580000000001,2,,,,2,1,1,1,1,3.1,121,1,1,0,FALSE,FALSE,TRUE,FALSE,TRUE,FALSE,FALSE,FALSE,FALSE,FALSE,TRUE,FALSE,FALSE
40.7,2,1,12.1,19,2,2.85,0.9880395215808632,2,2,1,2,3.015068493150685,1.884153846153846,1.8653123076923075,1,,,,1,1,1,2,1,3.4,126,1,1,0,FALSE,FALSE,TRUE,FALSE,TRUE,FALSE,FALSE,FALSE,TRUE,FALSE,TRUE,FALSE,FALSE
33.7,1,1,11.1,16,2,3.2,0.8320332813312532,2,3,1,2,3.469406392694064,2.333269230769231,2.4499326923076925,1,,,,1,1,1,1,2,2.4,128,1,1,0,FALSE,FALSE,TRUE,FALSE,TRUE,FALSE,FALSE,FALSE,FALSE,TRUE,TRUE,FALSE,FALSE
52,1,1,11.9,20,2,4,1.0400416016640666,3,3,1,2,3.5059360730593605,2.4375769230769238,2.5594557692307696,1,,,,1,1,1,1,2,3.1,95,1,1,0,FALSE,FALSE,TRUE,FALSE,TRUE,FALSE,FALSE,FALSE,FALSE,TRUE,TRUE,FALSE,FALSE
58.5,1,1,11,21,2,4.2,1.0920436817472698,3,3,1,2,3.4648401826484014,2.456230769230769,2.579042307692308,1,,,,1,1,1,1,2,3.1,136,1,1,0,FALSE,FALSE,TRUE,FALSE,TRUE,FALSE,FALSE,FALSE,FALSE,TRUE,TRUE,FALSE,FALSE
60.4,1,1,10.7,19,2,3.8,0.9880395215808632,2,3,1,2,3.451141552511415,2.461115384615385,2.584171153846154,1,,,,1,1,1,1,2,2.4,99,1,1,0,FALSE,FALSE,TRUE,FALSE,TRUE,FALSE,FALSE,FALSE,FALSE,TRUE,TRUE,FALSE,FALSE
65.1,2,1,12.9,17,2,4.25,0.8840353614144566,2,4,2,2,3.2515981735159816,3.0184615384615388,3.8394830769230777,1,,,,2,1,1,1,1,3.4,143,1,1,2,FALSE,FALSE,TRUE,FALSE,FALSE,FALSE,FALSE,FALSE,FALSE,FALSE,TRUE,FALSE,FALSE
38.4,1,1,13.7,21,2,,1.0920436817472698,3,0,1,1,3.4374429223744287,,,,,,,1,1,1,1,2,3.1,102,1,,2,FALSE,FALSE,TRUE,FALSE,FALSE,TRUE,FALSE,FALSE,FALSE,TRUE,TRUE,FALSE,FALSE
48.7,2,1,11,19,2,3.8,0.9880395215808632,2,3,1,2,3.4648401826484014,2.4067307692307693,2.527067307692308,1,,,,1,1,1,1,2,3.4,131,1,1,0,FALSE,FALSE,TRUE,FALSE,TRUE,FALSE,FALSE,FALSE,FALSE,TRUE,TRUE,FALSE,FALSE
50.8,1,2,13,22,2,,1.1440457618304731,3,0,1,1,3.4374429223744287,,,,,,,1,1,2,1,1,3.1,125,1,,2,FALSE,FALSE,TRUE,FALSE,FALSE,TRUE,FALSE,TRUE,FALSE,FALSE,TRUE,FALSE,FALSE
54,1,1,13,24,2,4.800000000000001,1.248049922,3,3,1,2,2.756164383561644,2.4640000000000004,2.5872000000000006,1,,,,1,1,1,1,2,3.1,116,1,1,2,FALSE,FALSE,TRUE,FALSE,TRUE,FALSE,FALSE,FALSE,FALSE,TRUE,TRUE,FALSE,FALSE
46.9,2,1,10.6,14,2,2.8000000000000003,0.7280291211648465,2,3,1,2,3.4465753424657537,2.391576923076923,2.5111557692307693,1,,,,1,1,1,1,2,3.4,116,1,1,0,FALSE,FALSE,TRUE,FALSE,TRUE,FALSE,FALSE,FALSE,FALSE,TRUE,TRUE,FALSE,FALSE
44.6,2,2,13.7,21,2,4.2,1.0920436817472698,3,3,1,2,3.588127853881278,2.428269230769231,2.5496826923076927,1,,,,1,1,1,1,2,4.1,122,1,1,0,FALSE,FALSE,TRUE,FALSE,TRUE,FALSE,FALSE,FALSE,FALSE,TRUE,TRUE,FALSE,FALSE
37.8,2,2,12.2,17,2,3.4000000000000004,0.8840353614144566,2,3,1,2,3.5196347031963464,2.370692307692308,2.4892269230769237,1,,,,1,1,1,1,2,3.4,108,1,1,0,FALSE,FALSE,TRUE,FALSE,TRUE,FALSE,FALSE,FALSE,FALSE,TRUE,TRUE,FALSE,FALSE
45.7,1,1,13,19,2,3.8,0.9880395215808632,2,3,1,2,2.756164383561644,2.4225000000000003,2.5436250000000005,1,,,,1,1,1,1,2,2.4,106,1,1,2,FALSE,FALSE,TRUE,FALSE,TRUE,FALSE,FALSE,FALSE,FALSE,TRUE,TRUE,FALSE,FALSE
42.9,2,1,13.6,15,2,,0.7800312012480499,2,0,1,1,3.4374429223744287,,,,,,,1,1,1,2,1,3.4,100,1,,1,FALSE,FALSE,TRUE,FALSE,FALSE,TRUE,FALSE,FALSE,TRUE,FALSE,TRUE,FALSE,FALSE
43.5,1,1,13.2,15.25,2,,0.7930317212688506,2,0,1,1,3.4374429223744287,,,,,,,1,1,2,1,1,2.4,127,1,,2,FALSE,FALSE,TRUE,FALSE,FALSE,TRUE,FALSE,TRUE,FALSE,FALSE,TRUE,FALSE,FALSE
48.9,1,2,9.6,20,2,,1.0400416016640666,3,0,1,1,3.4374429223744287,,,,,,,1,1,1,1,2,3.1,108,1,,0,FALSE,FALSE,TRUE,FALSE,FALSE,TRUE,FALSE,FALSE,FALSE,TRUE,TRUE,FALSE,FALSE
51.6,1,1,12.9,19,2,4.75,0.9880395215808632,3,4,2,2,3.2515981735159816,2.9509615384615384,3.753623076923077,1,,,,2,1,1,1,1,3.1,130,1,1,2,FALSE,FALSE,TRUE,FALSE,FALSE,FALSE,FALSE,FALSE,FALSE,FALSE,TRUE,FALSE,FALSE
51.9,2,1,12,15,2,,0.7800312012480499,2,0,1,1,3.4374429223744287,,,,,,,1,1,2,1,1,3.4,117,1,,2,FALSE,FALSE,TRUE,FALSE,FALSE,TRUE,FALSE,TRUE,FALSE,FALSE,TRUE,FALSE,FALSE
38.2,1,1,10.7,17,2,3.4000000000000004,0.8840353614144566,2,3,1,2,3.451141552511415,2.3501153846153846,2.4676211538461543,1,,,,1,1,1,1,2,2.4,97,1,1,0,FALSE,FALSE,TRUE,FALSE,TRUE,FALSE,FALSE,FALSE,FALSE,TRUE,TRUE,FALSE,FALSE
49.9,1,2,10.9,23,2,4.6000000000000005,1.1960478419136764,3,3,1,2,3.460273973,2.411192307692308,2.531751923076923,1,,,,1,1,1,1,2,3.1,97,1,1,0,FALSE,FALSE,TRUE,FALSE,TRUE,FALSE,FALSE,FALSE,FALSE,TRUE,TRUE,FALSE,FALSE
46.8,1,2,13.3,20,2,3,1.0400416016640666,3,2,1,2,3.074429223744292,1.934653846153846,1.9153073076923075,1,,,,2,1,1,1,1,3.1,128,1,1,0,FALSE,FALSE,TRUE,FALSE,TRUE,FALSE,FALSE,FALSE,FALSE,FALSE,TRUE,FALSE,FALSE
37.7,1,2,11.7,24,2,4.800000000000001,1.248049922,3,3,1,2,3.496803652968037,2.363,2.48115,1,,,,1,1,1,1,2,3.1,114,1,1,0,FALSE,FALSE,TRUE,FALSE,TRUE,FALSE,FALSE,FALSE,FALSE,TRUE,TRUE,FALSE,FALSE
56.3,1,1,12.5,14,2,2.8000000000000003,0.7280291211648465,2,3,1,1,2.7333333333333334,2.4683076923076923,2.591723076923077,1,,,,1,1,1,1,2,2.4,118,1,1,2,FALSE,FALSE,TRUE,FALSE,FALSE,TRUE,FALSE,FALSE,FALSE,TRUE,TRUE,FALSE,FALSE
48,1,1,9.5,20,2,,1.0400416016640666,3,0,1,2,3.4374429223744287,,,,,,,1,1,1,1,2,3.1,102,1,,0,FALSE,FALSE,TRUE,FALSE,TRUE,FALSE,FALSE,FALSE,FALSE,TRUE,TRUE,FALSE,FALSE
40.2,1,1,11.5,15,2,3,0.7800312012480499,2,3,1,2,3.4876712328767123,2.3724230769230767,2.4910442307692318,1,,,,1,1,1,1,2,2.4,94,1,1,0,FALSE,FALSE,TRUE,FALSE,TRUE,FALSE,FALSE,FALSE,FALSE,TRUE,TRUE,FALSE,FALSE
35.4,2,1,13,18,2,3.6,0.9360374414976598,2,3,1,2,2.756164383561644,2.3710000000000004,2.4895500000000004,1,,,,1,1,1,1,2,3.4,102,1,1,2,FALSE,FALSE,TRUE,FALSE,TRUE,FALSE,FALSE,FALSE,FALSE,TRUE,TRUE,FALSE,FALSE
41.5,2,1,11.5,22,2,4.4,1.1440457618304731,3,3,1,2,2.6876712328767125,2.3784230769230774,2.4973442307692317,1,,,,1,1,1,1,2,4.1,109,1,1,2,FALSE,FALSE,TRUE,FALSE,TRUE,FALSE,FALSE,FALSE,FALSE,TRUE,TRUE,FALSE,FALSE
47.5,2,2,10.4,21,2,4.2,1.0920436817472698,3,3,1,2,3.4374429223744287,2.3915,2.5110750000000004,1,,,,1,1,1,1,2,4.1,127,1,1,0,FALSE,FALSE,TRUE,FALSE,TRUE,FALSE,FALSE,FALSE,FALSE,TRUE,TRUE,FALSE,FALSE
57.3,1,1,11.5,15,2,3.75,0.7800312012480499,1,4,2,2,3.987671232876712,2.9579230769230773,4.525622307692308,2,,,,2,1,1,1,1,1.7,151,1,1,0,FALSE,FALSE,TRUE,FALSE,FALSE,FALSE,FALSE,FALSE,FALSE,FALSE,TRUE,FALSE,FALSE
40.2,1,1,11.2,19,2,3.8,0.9880395215808632,2,3,1,2,3.473972602739725,2.3678076923076925,2.4861980769230767,1,,,,1,1,1,1,2,2.4,106,1,1,0,FALSE,FALSE,TRUE,FALSE,TRUE,FALSE,FALSE,FALSE,FALSE,TRUE,TRUE,FALSE,FALSE
44,1,1,10.5,18.5,2,1.85,0.9620384815392616,2,1,1,1,1.6420091324200914,1.3755384615384616,1.2379846153846157,1,,,,1,1,1,1,2,2.4,97,1,1,1,FALSE,FALSE,TRUE,FALSE,FALSE,TRUE,FALSE,FALSE,FALSE,TRUE,TRUE,FALSE,FALSE
47.8,2,2,11,16,2,4,0.8320332813312532,2,4,2,2,3.9648401826484014,2.9022307692307687,4.440413076923077,2,,,,2,1,1,1,1,3.4,130,1,1,0,FALSE,FALSE,TRUE,FALSE,FALSE,FALSE,FALSE,FALSE,FALSE,FALSE,TRUE,FALSE,FALSE
44.8,2,1,10.6,22,2,3.3,1.1440457618304731,2,2,1,2,2.9465753424657537,1.8815769230769237,1.8627611538461537,1,,,,1,1,2,1,1,3.4,91,1,1,0,FALSE,FALSE,TRUE,FALSE,TRUE,FALSE,FALSE,TRUE,FALSE,FALSE,TRUE,FALSE,FALSE
45.4,1,1,13.6,18,2,3.6,0.9360374414976598,2,3,1,1,2.788127853881279,2.432269231,2.5538826923076923,1,,,,1,1,1,1,2,2.4,142,1,1,2,FALSE,FALSE,TRUE,FALSE,FALSE,TRUE,FALSE,FALSE,FALSE,TRUE,TRUE,FALSE,FALSE
36.5,2,1,13.7,24,2,3.6,1.248049922,2,2,1,1,2.288127853881279,1.8877692307692309,1.8688915384615383,1,,,,1,1,1,1,2,3.4,95,1,1,2,FALSE,FALSE,TRUE,FALSE,FALSE,TRUE,FALSE,FALSE,FALSE,TRUE,TRUE,FALSE,FALSE
38.2,1,1,13.4,22,2,4.4,1.1440457618304731,3,3,1,2,2.774429223744292,2.391153846153846,2.5107115384615386,1,,,,1,1,1,1,2,3.1,118,1,1,2,FALSE,FALSE,TRUE,FALSE,TRUE,FALSE,FALSE,FALSE,FALSE,TRUE,TRUE,FALSE,FALSE
51,1,2,14.4,17,2,3.4000000000000004,0.8840353614144566,2,3,1,2,3.6200913242009127,2.4710384615384613,2.5945903846153846,1,,,,1,1,1,1,2,2.4,120,1,1,0,FALSE,FALSE,TRUE,FALSE,TRUE,FALSE,FALSE,FALSE,FALSE,TRUE,TRUE,FALSE,FALSE
36.6,2,1,13.2,18,2,3.6,0.9360374414976598,2,3,1,2,2.7698630136986298,2.381615384615385,2.500696153846154,1,,,,1,1,1,1,2,3.4,104,1,1,2,FALSE,FALSE,TRUE,FALSE,TRUE,FALSE,FALSE,FALSE,FALSE,TRUE,TRUE,FALSE,FALSE
42.8,2,1,16.9,17,2,3.4000000000000004,0.8840353614144566,2,3,1,2,3.7342465753424654,2.4685,2.5919250000000003,1,,,,1,1,1,1,2,3.4,144,1,1,0,FALSE,FALSE,TRUE,FALSE,TRUE,FALSE,FALSE,FALSE,FALSE,TRUE,TRUE,FALSE,FALSE
39.9,1,1,13.4,19,2,,0.9880395215808632,2,0,1,1,3.4374429223744287,,,,,,,1,1,1,2,1,2.4,97,1,,2,FALSE,FALSE,TRUE,FALSE,FALSE,TRUE,FALSE,FALSE,TRUE,FALSE,TRUE,FALSE,FALSE
63.3,2,1,10.7,16,2,3.2,0.8320332813312532,2,3,1,2,3.451141552511415,2.4751153846153846,2.5988711538461544,1,,,,1,1,1,1,2,3.4,122,1,1,0,FALSE,FALSE,TRUE,FALSE,TRUE,FALSE,FALSE,FALSE,FALSE,TRUE,TRUE,FALSE,FALSE
54,1,1,12,16,2,3.2,0.8320332813312532,2,3,1,1,2.410502283,2.449115384615385,2.571571153846154,1,,,,1,1,1,1,2,2.4,95,1,1,2,FALSE,FALSE,TRUE,FALSE,FALSE,TRUE,FALSE,FALSE,FALSE,TRUE,TRUE,FALSE,FALSE
39.7,2,1,13,21,2,4.2,1.0920436817472698,3,3,1,2,2.756164383561644,2.393,2.5126500000000003,1,,,,1,1,1,1,2,4.1,142,1,1,2,FALSE,FALSE,TRUE,FALSE,TRUE,FALSE,FALSE,FALSE,FALSE,TRUE,TRUE,FALSE,FALSE
42.2,2,1,13.4,20,2,4,1.0400416016640666,3,3,1,2,2.774429223744292,2.411153846153846,2.5317115384615385,1,,,,1,1,1,1,2,4.1,90,1,1,2,FALSE,FALSE,TRUE,FALSE,TRUE,FALSE,FALSE,FALSE,FALSE,TRUE,TRUE,FALSE,FALSE
51.7,1,2,12.8,22,2,5.5,1.1440457618304731,3,4,2,2,4.0515981735159805,2.9514615384615386,4.515736153846154,2,,,,2,1,1,1,1,3.1,130,1,1,0,FALSE,FALSE,TRUE,FALSE,FALSE,FALSE,FALSE,FALSE,FALSE,FALSE,TRUE,FALSE,FALSE
50.7,2,1,13.7,24,2,4.800000000000001,1.248049922,3,3,1,2,2.788127853881279,2.458769230769231,2.5817076923076927,1,,,,1,1,1,1,2,4.1,99,1,1,2,FALSE,FALSE,TRUE,FALSE,TRUE,FALSE,FALSE,FALSE,FALSE,TRUE,TRUE,FALSE,FALSE
39.7,1,1,13.7,16,2,2.4,0.8320332813312532,2,2,1,1,2.288127853881279,1.9037692307692309,1.8847315384615384,1,,,,1,1,1,1,2,2.4,113,1,1,1,FALSE,FALSE,TRUE,FALSE,FALSE,TRUE,FALSE,FALSE,FALSE,TRUE,TRUE,FALSE,FALSE
39.7,2,1,11.2,17,2,5.1,0.8840353614144566,3,5,2,2,4.4739726027397255,3.3648076923076924,5,2,,,,2,1,1,1,1,4.1,114,1,1,0,FALSE,FALSE,TRUE,FALSE,FALSE,FALSE,FALSE,FALSE,FALSE,FALSE,TRUE,FALSE,FALSE
49.8,1,1,10.7,17,2,3.4000000000000004,0.8840353614144566,2,3,1,2,3.451141552511415,2.408115384615385,2.528521153846154,1,,,,1,1,1,1,2,2.4,116,1,1,0,FALSE,FALSE,TRUE,FALSE,TRUE,FALSE,FALSE,FALSE,FALSE,TRUE,TRUE,FALSE,FALSE
37.5,2,1,13.5,18,2,3.6,0.9360374414976598,2,3,1,1,2.7789954337899543,2.389692307692308,2.5091769230769234,1,,,,1,1,1,1,2,3.4,105,1,1,2,FALSE,FALSE,TRUE,FALSE,FALSE,TRUE,FALSE,FALSE,FALSE,TRUE,TRUE,FALSE,FALSE
56.3,1,1,8.2,20,2,,1.0400416016640666,3,0,1,2,3.4374429223744287,,,,,,,1,1,2,1,1,3.1,119,1,,0,FALSE,FALSE,TRUE,FALSE,TRUE,FALSE,FALSE,TRUE,FALSE,FALSE,TRUE,FALSE,FALSE
49.8,2,1,15.7,21,2,4.2,1.0920436817472698,3,3,1,2,2.884018264840183,2.486076923076923,2.610380769230769,1,,,,1,1,1,1,2,4.1,130,1,1,2,FALSE,FALSE,TRUE,FALSE,TRUE,FALSE,FALSE,FALSE,FALSE,TRUE,TRUE,FALSE,FALSE
36.2,1,2,10,21,2,4.2,1.0920436817472698,3,3,1,2,3.419178082191781,2.3293461538461537,2.445813461538461,1,,,,1,1,1,1,2,3.1,148,1,1,0,FALSE,FALSE,TRUE,FALSE,TRUE,FALSE,FALSE,FALSE,FALSE,TRUE,TRUE,FALSE,FALSE
49.5,1,1,11,15.2,2,3.04,0.7904316172646905,2,3,1,2,3.4648401826484014,2.411230769230769,2.531792307692308,1,,,,1,1,1,1,2,2.4,130,1,1,0,FALSE,FALSE,TRUE,FALSE,TRUE,FALSE,FALSE,FALSE,FALSE,TRUE,TRUE,FALSE,FALSE
39.1,1,2,11.1,15,2,3,0.7800312012480499,2,3,1,2,3.469406392694064,2.3602692307692306,2.478282692307692,1,,,,1,1,1,1,2,2.4,94,1,1,0,FALSE,FALSE,TRUE,FALSE,TRUE,FALSE,FALSE,FALSE,FALSE,TRUE,TRUE,FALSE,FALSE
59.6,1,1,10.9,14,2,2.8000000000000003,0.7280291211648465,3,3,1,2,3.460273973,2.460192307692308,2.583201923076923,1,,,,1,1,1,1,2,3.1,96,1,1,0,FALSE,FALSE,TRUE,FALSE,TRUE,FALSE,FALSE,FALSE,FALSE,TRUE,TRUE,FALSE,FALSE
56.2,1,2,12.6,16,2,1.6,0.8320332813312532,2,1,1,1,2.837899543,1.468846153846154,1.3219615384615386,1,,,,1,1,1,1,2,2.4,94,1,1,0,FALSE,FALSE,TRUE,FALSE,FALSE,TRUE,FALSE,FALSE,FALSE,TRUE,TRUE,FALSE,FALSE
51.5,1,1,11.4,23,2,5.75,1.1960478419136764,3,4,2,2,3.1831050228310502,2.9273846153846157,3.7236332307692304,1,,,,2,1,1,1,1,3.1,156,1,1,2,FALSE,FALSE,TRUE,FALSE,FALSE,FALSE,FALSE,FALSE,FALSE,FALSE,TRUE,FALSE,FALSE
42.1,1,1,13.7,14,2,2.8000000000000003,0.7280291211648465,2,3,1,2,3.588127853881278,2.4152692307692307,2.536032692307693,1,,,,1,1,1,1,2,2.4,97,1,1,0,FALSE,FALSE,TRUE,FALSE,TRUE,FALSE,FALSE,FALSE,FALSE,TRUE,TRUE,FALSE,FALSE
39.5,2,2,10.6,22,2,4.4,1.1440457618304731,3,3,1,2,3.4465753424657537,2.3550769230769237,2.4728307692307694,1,,,,1,1,1,1,2,4.1,115,1,1,0,FALSE,FALSE,TRUE,FALSE,TRUE,FALSE,FALSE,FALSE,FALSE,TRUE,TRUE,FALSE,FALSE
42,2,2,9.7,19,2,,0.9880395215808632,2,0,1,2,3.4374429223744287,,,,,,,2,1,1,1,1,3.4,124,1,,0,FALSE,FALSE,TRUE,FALSE,TRUE,FALSE,FALSE,FALSE,FALSE,FALSE,TRUE,FALSE,FALSE
56.1,1,1,12.4,14,2,2.8000000000000003,0.7280291211648465,2,3,1,2,3.528767123287671,2.4657692307692307,2.5890576923076924,1,,,,1,1,1,1,2,2.4,142,1,1,0,FALSE,FALSE,TRUE,FALSE,TRUE,FALSE,FALSE,FALSE,FALSE,TRUE,TRUE,FALSE,FALSE
49.5,1,1,15.4,15,2,3,0.7800312012480499,2,3,1,2,2.865753424657534,2.4784230769230766,2.602344230769231,1,,,,1,1,1,1,2,2.4,90,1,1,2,FALSE,FALSE,TRUE,FALSE,TRUE,FALSE,FALSE,FALSE,FALSE,TRUE,TRUE,FALSE,FALSE
59.4,1,1,13.2,20,2,,1.0400416016640666,3,0,1,1,3.4374429223744287,,,,,,,1,1,1,1,2,3.1,116,1,,2,FALSE,FALSE,TRUE,FALSE,FALSE,TRUE,FALSE,FALSE,FALSE,TRUE,TRUE,FALSE,FALSE
41.2,1,1,13.7,20,2,,1.0400416016640666,3,0,1,1,3.4374429223744287,,,,,,,1,1,1,2,1,3.1,94,1,,2,FALSE,FALSE,TRUE,FALSE,FALSE,TRUE,FALSE,FALSE,TRUE,FALSE,TRUE,FALSE,FALSE
57.3,1,1,11.6,24,2,4.800000000000001,1.248049922,3,3,1,2,3.4922374429223746,2.4594615384615386,2.582434615384616,1,,,,1,1,1,1,2,3.1,103,1,1,0,FALSE,FALSE,TRUE,FALSE,TRUE,FALSE,FALSE,FALSE,FALSE,TRUE,TRUE,FALSE,FALSE
41.4,1,1,10.6,22,2,3.3,1.1440457618304731,3,2,1,2,2.9465753424657537,1.8640769230769232,1.8454361538461537,1,,,,1,1,2,1,1,3.1,99,1,1,0,FALSE,FALSE,TRUE,FALSE,TRUE,FALSE,FALSE,TRUE,FALSE,FALSE,TRUE,FALSE,FALSE
37.7,2,1,12.1,19,2,4.75,0.9880395215808632,3,4,2,2,3.2150684931506848,2.868653846153846,3.648927692307693,1,,,,2,1,1,1,1,4.1,92,1,1,2,FALSE,FALSE,TRUE,FALSE,FALSE,FALSE,FALSE,FALSE,FALSE,FALSE,TRUE,FALSE,FALSE
38.3,1,1,13,23,2,5.75,1.1960478419136764,3,4,2,2,3.256164383561644,2.886,3.670992,1,,,,2,1,1,1,1,3.1,128,1,1,1,FALSE,FALSE,TRUE,FALSE,FALSE,FALSE,FALSE,FALSE,FALSE,FALSE,TRUE,FALSE,FALSE
39.5,1,1,9.2,20,2,,1.0400416016640666,3,0,1,2,3.4374429223744287,,,,,,,2,1,1,1,1,3.1,100,1,,0,FALSE,FALSE,TRUE,FALSE,TRUE,FALSE,FALSE,FALSE,FALSE,FALSE,TRUE,FALSE,FALSE
44.1,1,1,12.1,15,2,2.25,0.7800312012480499,2,2,1,1,2.2150684931506848,1.9011538461538464,1.882142307692308,1,,,,1,1,1,1,2,2.4,120,1,1,2,FALSE,FALSE,TRUE,FALSE,FALSE,TRUE,FALSE,FALSE,FALSE,TRUE,TRUE,FALSE,FALSE
37.3,2,1,13.7,23,2,,1.1960478419136764,3,0,1,1,3.4374429223744287,,,,,,,2,1,1,1,1,4.1,109,1,,2,FALSE,FALSE,TRUE,FALSE,FALSE,TRUE,FALSE,FALSE,FALSE,FALSE,TRUE,FALSE,FALSE
59,2,1,13.4,21,2,4.2,1.0920436817472698,3,3,1,1,2.474429224,2.495653846153846,2.6204365384615382,1,,,,1,1,1,1,2,4.1,119,1,1,2,FALSE,FALSE,TRUE,FALSE,FALSE,TRUE,FALSE,FALSE,FALSE,TRUE,TRUE,FALSE,FALSE
55,1,1,12.7,16,2,3.2,0.8320332813312532,2,3,1,2,2.742465753424657,2.464384615384616,2.587603846153846,1,,,,1,1,1,1,2,2.4,96,1,1,2,FALSE,FALSE,TRUE,FALSE,TRUE,FALSE,FALSE,FALSE,FALSE,TRUE,TRUE,FALSE,FALSE
42.4,1,1,16.1,22,2,2.2,1.1440457618304731,2,1,1,1,1.897716894977169,1.4536923076923078,1.3083230769230771,1,,,,1,1,1,1,2,2.4,113,1,1,2,FALSE,FALSE,TRUE,FALSE,FALSE,TRUE,FALSE,FALSE,FALSE,TRUE,TRUE,FALSE,FALSE
46.1,1,1,10,15,2,3,0.7800312012480499,2,3,1,2,3.419178082191781,2.3788461538461534,2.4977884615384616,1,,,,1,1,1,1,2,2.4,139,1,1,0,FALSE,FALSE,TRUE,FALSE,TRUE,FALSE,FALSE,FALSE,FALSE,TRUE,TRUE,FALSE,FALSE
36,1,1,13.2,29,2,,1.2564991334488735,3,0,1,1,3.4374429223744287,,,,,,,2,1,1,1,1,3.1,109,1,,2,FALSE,FALSE,TRUE,FALSE,FALSE,TRUE,FALSE,FALSE,FALSE,FALSE,TRUE,FALSE,FALSE
58.4,1,2,8.2,27,2,6.75,1.1698440207972272,3,4,1,2,3.8369863013698633,2.9126538461538463,3.844703076923077,2,,,,2,1,1,1,1,3.1,118,1,1,0,FALSE,FALSE,TRUE,FALSE,TRUE,FALSE,FALSE,FALSE,FALSE,FALSE,TRUE,FALSE,FALSE
34,1,1,13.5,27,2,4.05,1.1698440207972272,2,2,1,2,3.078995433789954,1.872192307692308,1.8534703846153848,1,,,,1,1,1,1,2,2.4,122,1,1,0,FALSE,FALSE,TRUE,FALSE,TRUE,FALSE,FALSE,FALSE,FALSE,TRUE,TRUE,FALSE,FALSE
57.7,1,1,13.7,26,2,,1.126516464471404,3,0,1,1,3.4374429223744287,,,,,,,1,1,2,1,1,3.1,107,1,,2,FALSE,FALSE,TRUE,FALSE,FALSE,TRUE,FALSE,TRUE,FALSE,FALSE,TRUE,FALSE,FALSE
41.2,2,1,10,22,2,4.4,0.953206239,3,3,1,2,3.419178082191781,2.3538461538461535,2.4715384615384615,1,,,,1,1,1,1,2,4.1,102,1,1,0,FALSE,FALSE,TRUE,FALSE,TRUE,FALSE,FALSE,FALSE,FALSE,TRUE,TRUE,FALSE,FALSE
44.6,1,1,12.6,25,2,5,1.0831889081455808,3,3,1,2,3.5378995433789955,2.4108461538461534,2.5313884615384614,1,,,,1,1,1,2,1,3.1,107,1,1,0,FALSE,FALSE,TRUE,FALSE,TRUE,FALSE,FALSE,FALSE,TRUE,FALSE,TRUE,FALSE,FALSE
47.1,2,2,13.5,26,2,5.2,1.126516464471404,3,3,1,2,3.578995433789954,2.437692307692308,2.559576923076923,1,,,,1,1,1,2,1,4.1,115,1,1,0,FALSE,FALSE,TRUE,FALSE,TRUE,FALSE,FALSE,FALSE,TRUE,FALSE,TRUE,FALSE,FALSE
43.1,1,1,13.4,25,2,,1.0831889081455808,3,0,1,1,3.4374429223744287,,,,,,,2,1,1,1,1,3.1,99,1,,2,FALSE,FALSE,TRUE,FALSE,FALSE,TRUE,FALSE,FALSE,FALSE,FALSE,TRUE,FALSE,FALSE
45.8,2,1,14.1,26,2,5.2,1.126516464471404,3,3,1,2,2.806392694063927,2.440423076923077,2.5624442307692306,1,,,,1,1,1,2,1,4.1,117,1,1,2,FALSE,FALSE,TRUE,FALSE,TRUE,FALSE,FALSE,FALSE,TRUE,FALSE,TRUE,FALSE,FALSE
45,2,1,12.9,25,2,5,1.0831889081455808,3,3,1,2,3.5515981735159814,2.4179615384615385,2.538859615384616,1,,,,2,1,1,1,1,4.1,130,1,1,0,FALSE,FALSE,TRUE,FALSE,TRUE,FALSE,FALSE,FALSE,FALSE,FALSE,TRUE,FALSE,FALSE
73.6,1,1,13.5,29,2,5.800000000000001,1.2564991334488735,3,3,1,2,2.7789954337899543,2.570192307692308,2.698701923076923,1,,,,1,1,1,2,1,3.1,110,1,1,2,FALSE,FALSE,TRUE,FALSE,TRUE,FALSE,FALSE,FALSE,TRUE,FALSE,TRUE,FALSE,FALSE
35.1,1,1,10.2,24,2,2.4000000000000004,1.0398613518197577,2,1,1,1,2.728310502,1.3264230769230767,1.1937807692307694,1,,,,1,1,1,1,2,2.4,98,1,1,0,FALSE,FALSE,TRUE,FALSE,FALSE,TRUE,FALSE,FALSE,FALSE,TRUE,TRUE,FALSE,FALSE
46,1,2,10.2,27,2,5.4,1.1698440207972272,3,3,1,2,3.4283105022831046,2.3814230769230766,2.500494230769231,1,,,,1,1,1,2,1,3.1,92,1,1,0,FALSE,FALSE,TRUE,FALSE,TRUE,FALSE,FALSE,FALSE,TRUE,FALSE,TRUE,FALSE,FALSE
37,1,1,10.6,24,2,4.800000000000001,1.0398613518197577,3,3,1,2,3.4465753424657537,2.3420769230769234,2.4591807692307697,1,,,,1,1,1,1,2,3.1,147,1,1,0,FALSE,FALSE,TRUE,FALSE,TRUE,FALSE,FALSE,FALSE,FALSE,TRUE,TRUE,FALSE,FALSE
43,2,1,13.4,29,2,5.800000000000001,1.2564991334488735,3,3,1,2,2.774429223744292,2.415153846153846,2.5359115384615385,1,,,,1,1,1,2,1,4.1,89,1,1,2,FALSE,FALSE,TRUE,FALSE,TRUE,FALSE,FALSE,FALSE,TRUE,FALSE,TRUE,FALSE,FALSE
40.9,1,1,13.5,24,2,4.800000000000001,1.0398613518197577,3,3,1,1,2.7789954337899543,2.406192307692308,2.5265019230769235,1,,,,1,1,1,1,2,3.1,127,1,1,2,FALSE,FALSE,TRUE,FALSE,FALSE,TRUE,FALSE,FALSE,FALSE,TRUE,TRUE,FALSE,FALSE
60,2,2,14.4,29,2,2.9000000000000004,1.2564991334488735,2,1,1,1,1.820091324200913,1.5155384615384615,1.3639846153846156,1,,,,1,1,1,1,2,3.4,99,1,1,1,FALSE,FALSE,TRUE,FALSE,FALSE,TRUE,FALSE,FALSE,FALSE,TRUE,TRUE,FALSE,FALSE
38.3,1,2,10.4,24.25,2,4.8500000000000005,1.0506932409012133,3,3,1,2,3.4374429223744287,2.346,2.4633000000000003,1,,,,1,1,1,1,2,3.1,103,1,1,0,FALSE,FALSE,TRUE,FALSE,TRUE,FALSE,FALSE,FALSE,FALSE,TRUE,TRUE,FALSE,FALSE
40.8,1,1,11,27,2,5.4,1.1698440207972272,3,3,1,2,3.4648401826484014,2.367230769230769,2.485592307692308,1,,,,1,1,1,2,1,3.1,98,1,1,0,FALSE,FALSE,TRUE,FALSE,TRUE,FALSE,FALSE,FALSE,TRUE,FALSE,TRUE,FALSE,FALSE
36.1,2,1,10.9,24,2,4.800000000000001,1.0398613518197577,3,3,1,2,3.460273973,2.342692307692308,2.459826923076923,1,,,,1,1,1,1,2,4.1,99,1,1,0,FALSE,FALSE,TRUE,FALSE,TRUE,FALSE,FALSE,FALSE,FALSE,TRUE,TRUE,FALSE,FALSE
52.1,1,1,13.7,24,2,4.800000000000001,1.0398613518197577,3,3,1,2,2.788127853881279,2.465269230769231,2.588532692307693,1,,,,1,1,1,1,2,3.1,141,1,1,2,FALSE,FALSE,TRUE,FALSE,TRUE,FALSE,FALSE,FALSE,FALSE,TRUE,TRUE,FALSE,FALSE
40.6,1,1,13.1,28,2,5.6000000000000005,1.2131715771230505,3,3,1,2,2.760730593607306,2.399038461538461,2.5189903846153845,1,,,,1,1,1,2,1,3.1,149,1,1,2,FALSE,FALSE,TRUE,FALSE,TRUE,FALSE,FALSE,FALSE,TRUE,FALSE,TRUE,FALSE,FALSE
40.5,1,1,8.3,25,2,,1.0831889081455808,3,0,1,2,3.4374429223744287,,,,,,,2,1,1,1,1,3.1,125,1,,0,FALSE,FALSE,TRUE,FALSE,TRUE,FALSE,FALSE,FALSE,FALSE,FALSE,TRUE,FALSE,FALSE
32.4,1,1,9.3,28,2,,1.2131715771230505,3,0,1,2,3.4374429223744287,,,,,,,2,1,1,1,1,3.1,98,1,,0,FALSE,FALSE,TRUE,FALSE,TRUE,FALSE,FALSE,FALSE,FALSE,FALSE,TRUE,FALSE,FALSE
48,1,1,13.6,23,2,4.6000000000000005,0.996533795,3,3,1,1,2.483561644,2.4437307692307693,2.565917307692308,1,,,,1,1,1,1,2,3.1,135,1,1,2,FALSE,FALSE,TRUE,FALSE,FALSE,TRUE,FALSE,FALSE,FALSE,TRUE,TRUE,FALSE,FALSE
37.9,1,1,13.2,22.5,2,5.625,0.9748700173310226,3,4,2,2,4.069863014,2.888115384615385,4.418816538461539,2,,,,2,1,1,1,1,3.1,143,1,1,0,FALSE,FALSE,TRUE,FALSE,FALSE,FALSE,FALSE,FALSE,FALSE,FALSE,TRUE,FALSE,FALSE
55,1,1,10.2,25,2,7.5,1.0831889081455808,4,5,2,2,4.428310502283105,3.426423076923077,5,2,,,,2,1,1,1,1,3.8,176,1,1,0,FALSE,FALSE,TRUE,FALSE,FALSE,FALSE,FALSE,FALSE,FALSE,FALSE,TRUE,FALSE,FALSE
45.2,1,1,11.7,22,2,4.4,0.953206239,3,3,1,1,2.6968036529680366,2.4000000000000004,2.5200000000000005,1,,,,1,1,1,1,2,3.1,124,1,1,2,FALSE,FALSE,TRUE,FALSE,FALSE,TRUE,FALSE,FALSE,FALSE,TRUE,TRUE,FALSE,FALSE
40.4,2,1,12.5,28,2,5.6000000000000005,1.2131715771230505,3,3,1,2,2.7333333333333334,2.3883076923076927,2.5077230769230776,1,,,,1,1,1,2,1,4.1,114,1,1,2,FALSE,FALSE,TRUE,FALSE,TRUE,FALSE,FALSE,FALSE,TRUE,FALSE,TRUE,FALSE,FALSE
45.5,2,2,11.2,22,2,4.4,0.953206239,3,3,1,2,3.473972602739725,2.3943076923076925,2.5140230769230767,1,,,,1,1,1,1,2,4.1,105,1,1,0,FALSE,FALSE,TRUE,FALSE,TRUE,FALSE,FALSE,FALSE,FALSE,TRUE,TRUE,FALSE,FALSE
47.7,1,1,11.2,24,2,,1.0398613518197577,3,0,1,1,3.4374429223744287,,,,,,,1,1,2,1,1,3.1,108,1,,2,FALSE,FALSE,TRUE,FALSE,FALSE,TRUE,FALSE,TRUE,FALSE,FALSE,TRUE,FALSE,FALSE
42.5,1,1,11.1,26.1,2,6.525,1.1308492201039864,3,4,2,2,3.969406392694064,2.877269230769231,4.402221923076923,2,,,,2,1,1,1,1,3.1,96,1,1,0,FALSE,FALSE,TRUE,FALSE,FALSE,FALSE,FALSE,FALSE,FALSE,FALSE,TRUE,FALSE,FALSE
48.1,1,2,8.4,23,2,,0.996533795,3,0,1,2,3.4374429223744287,,,,,,,2,1,1,1,1,3.1,112,1,,0,FALSE,FALSE,TRUE,FALSE,TRUE,FALSE,FALSE,FALSE,FALSE,FALSE,TRUE,FALSE,FALSE
37.8,1,1,13.2,23,2,,0.996533795,3,0,1,1,3.4374429223744287,,,,,,,2,1,1,1,1,3.1,105,1,,2,FALSE,FALSE,TRUE,FALSE,FALSE,TRUE,FALSE,FALSE,FALSE,FALSE,TRUE,FALSE,FALSE
37.3,1,1,9.5,26,2,,1.126516464471404,3,0,1,2,3.4374429223744287,,,,,,,2,1,1,1,1,3.1,111,1,,0,FALSE,FALSE,TRUE,FALSE,TRUE,FALSE,FALSE,FALSE,FALSE,FALSE,TRUE,FALSE,FALSE
39.2,2,1,13.1,25,2,2.5,1.0831889081455808,2,1,1,1,1.760730593607306,1.3920384615384618,1.2528346153846155,1,,,,1,1,1,1,2,3.4,125,1,1,1,FALSE,FALSE,TRUE,FALSE,FALSE,TRUE,FALSE,FALSE,FALSE,TRUE,TRUE,FALSE,FALSE
32.1,2,2,12.9,27,2,5.4,1.1698440207972272,3,3,1,2,3.5515981735159814,2.3534615384615387,2.471134615384616,1,,,,1,1,1,2,1,4.1,90,1,1,0,FALSE,FALSE,TRUE,FALSE,TRUE,FALSE,FALSE,FALSE,TRUE,FALSE,TRUE,FALSE,FALSE
54.4,1,1,11.4,25,2,7.5,1.0831889081455808,4,5,2,2,4.483105023,3.441884615384616,5,2,,,,2,1,1,1,1,3.8,126,1,1,0,FALSE,FALSE,TRUE,FALSE,FALSE,FALSE,FALSE,FALSE,FALSE,FALSE,TRUE,FALSE,FALSE
47.8,2,1,12.7,26,2,5.2,1.126516464471404,3,3,1,2,3.5424657534246577,2.428884615384616,2.5503288461538465,1,,,,1,1,1,2,1,4.1,133,1,1,0,FALSE,FALSE,TRUE,FALSE,TRUE,FALSE,FALSE,FALSE,TRUE,FALSE,TRUE,FALSE,FALSE
49.8,2,1,11.4,29,2,5.800000000000001,1.2564991334488735,3,3,1,2,3.483105023,2.4188846153846155,2.5398288461538465,1,,,,1,1,1,2,1,4.1,91,1,1,0,FALSE,FALSE,TRUE,FALSE,TRUE,FALSE,FALSE,FALSE,TRUE,FALSE,TRUE,FALSE,FALSE
38.8,1,1,9.9,26.39,2,5.2780000000000005,1.1434142114384749,3,3,1,2,3.4146118721461187,2.3408076923076924,2.4578480769230766,1,,,,1,1,1,2,1,3.1,130,1,1,0,FALSE,FALSE,TRUE,FALSE,TRUE,FALSE,FALSE,FALSE,TRUE,FALSE,TRUE,FALSE,FALSE
72.6,1,1,12.4,25,2,,1.0831889081455808,3,0,1,1,3.4374429223744287,,,,,,,2,1,1,1,1,3.1,100,1,,2,FALSE,FALSE,TRUE,FALSE,FALSE,TRUE,FALSE,FALSE,FALSE,FALSE,TRUE,FALSE,FALSE
35.2,1,1,13.2,28,2,,1.2131715771230505,3,0,1,1,3.4374429223744287,,,,,,,1,1,1,1,2,3.1,105,1,,2,FALSE,FALSE,TRUE,FALSE,FALSE,TRUE,FALSE,FALSE,FALSE,TRUE,TRUE,FALSE,FALSE
38.1,1,1,13.4,29,2,7.25,1.2564991334488735,4,4,2,2,3.274429223744292,2.891153846153846,3.6775476923076926,1,,,,2,1,1,1,1,3.8,155,1,1,2,FALSE,FALSE,TRUE,FALSE,FALSE,FALSE,FALSE,FALSE,FALSE,FALSE,TRUE,FALSE,FALSE
45.5,1,2,12.5,26,2,5.2,1.126516464471404,3,3,1,2,3.5333333333333328,2.4143076923076925,2.535023076923077,1,,,,1,1,1,2,1,3.1,146,1,1,0,FALSE,FALSE,TRUE,FALSE,TRUE,FALSE,FALSE,FALSE,TRUE,FALSE,TRUE,FALSE,FALSE
43.1,1,1,13,26,2,,1.126516464471404,3,0,1,1,3.4374429223744287,,,,,,,1,1,2,1,1,3.1,128,1,,2,FALSE,FALSE,TRUE,FALSE,FALSE,TRUE,FALSE,TRUE,FALSE,FALSE,TRUE,FALSE,FALSE
52.2,2,1,13.2,22,2,4.4,0.953206239,3,3,1,1,2.7698630136986298,2.460115384615385,2.5831211538461543,1,,,,1,1,1,1,2,4.1,122,1,1,2,FALSE,FALSE,TRUE,FALSE,FALSE,TRUE,FALSE,FALSE,FALSE,TRUE,TRUE,FALSE,FALSE
38.4,2,2,14.1,29,2,5.800000000000001,1.2564991334488735,3,3,1,2,3.6063926940639273,2.403423076923077,2.523594230769231,1,,,,1,1,1,2,1,4.1,128,1,1,0,FALSE,FALSE,TRUE,FALSE,TRUE,FALSE,FALSE,FALSE,TRUE,FALSE,TRUE,FALSE,FALSE
36.8,1,1,14.9,23,2,4.6000000000000005,0.996533795,3,3,1,2,2.842922374429224,2.407730769230769,2.528117307692308,1,,,,1,1,1,1,2,3.1,115,1,1,2,FALSE,FALSE,TRUE,FALSE,TRUE,FALSE,FALSE,FALSE,FALSE,TRUE,TRUE,FALSE,FALSE
60.9,2,1,10,22,2,5.5,0.953206239,3,4,2,2,3.919178082191781,2.9528461538461537,4.517854615384615,2,,,,2,1,1,1,1,4.1,128,1,1,0,FALSE,FALSE,TRUE,FALSE,FALSE,FALSE,FALSE,FALSE,FALSE,FALSE,TRUE,FALSE,FALSE
71.3,1,1,13.4,28,2,5.6000000000000005,1.2131715771230505,3,3,1,1,2.774429223744292,2.557153846153846,2.6850115384615387,1,,,,1,1,1,2,1,3.1,107,1,1,2,FALSE,FALSE,TRUE,FALSE,FALSE,TRUE,FALSE,FALSE,TRUE,FALSE,TRUE,FALSE,FALSE
49,2,1,17.3,23,2,4.6000000000000005,0.996533795,3,3,1,2,2.952511415525114,2.5056538461538462,2.630936538461538,1,,,,1,1,1,1,2,4.1,126,1,1,2,FALSE,FALSE,TRUE,FALSE,TRUE,FALSE,FALSE,FALSE,FALSE,TRUE,TRUE,FALSE,FALSE
39.5,1,1,13.7,22,2,4.4,0.953206239,3,3,1,1,2.488127854,2.402769230769231,2.5229076923076925,1,,,,1,1,1,1,2,3.1,100,1,1,2,FALSE,FALSE,TRUE,FALSE,FALSE,TRUE,FALSE,FALSE,FALSE,TRUE,TRUE,FALSE,FALSE
48.6,2,1,10.1,22,2,4.4,0.953206239,3,3,1,2,3.4237442922374437,2.3928846153846157,2.512528846153846,1,,,,1,1,1,1,2,4.1,103,1,1,0,FALSE,FALSE,TRUE,FALSE,TRUE,FALSE,FALSE,FALSE,FALSE,TRUE,TRUE,FALSE,FALSE
65.9,2,1,11.7,29,2,7.25,1.2564991334488735,3,4,2,2,3.1968036529680366,3.004,3.821088,1,,,,2,1,1,1,1,4.1,144,1,1,2,FALSE,FALSE,TRUE,FALSE,FALSE,FALSE,FALSE,FALSE,FALSE,FALSE,TRUE,FALSE,FALSE
39.4,1,1,10,22,2,4.4,0.953206239,3,3,1,2,3.419178082191781,2.3453461538461537,2.4626134615384614,1,,,,1,1,1,1,2,3.1,107,1,1,0,FALSE,FALSE,TRUE,FALSE,TRUE,FALSE,FALSE,FALSE,FALSE,TRUE,TRUE,FALSE,FALSE
39.4,2,1,10.2,24,2,4.800000000000001,1.0398613518197577,3,3,1,2,3.4283105022831046,2.347923076923077,2.465319230769231,1,,,,1,1,1,1,2,4.1,143,1,1,0,FALSE,FALSE,TRUE,FALSE,TRUE,FALSE,FALSE,FALSE,FALSE,TRUE,TRUE,FALSE,FALSE
49.2,2,2,10,39,4,7.8,0.9013173099144904,4,3,2,2,3.419178082191781,2.9943461538461538,4.4915192307692315,2,3,4,2,1,1,1,2,1,4.6,118,2,2,0,FALSE,FALSE,FALSE,TRUE,FALSE,FALSE,FALSE,FALSE,TRUE,FALSE,FALSE,TRUE,FALSE
60.3,1,1,13.1,50,4,10,1.155535012710885,4,3,1,1,2.760730593607306,3.0975384615384614,3.2524153846153845,1,,,,1,1,1,2,1,3.3,143,2,2,2,FALSE,FALSE,FALSE,TRUE,FALSE,TRUE,FALSE,FALSE,TRUE,FALSE,FALSE,TRUE,FALSE
61.4,1,1,10.1,45,4,9,1.0399815114397966,4,3,2,2,3.4237442922374437,3.056384615384616,4.584576923076924,2,3,4,2,1,1,1,2,1,3.3,93,2,2,0,FALSE,FALSE,FALSE,TRUE,FALSE,FALSE,FALSE,FALSE,TRUE,FALSE,FALSE,TRUE,FALSE
35.9,1,1,13.7,51,4,12.75,1.178645712965103,4,4,2,2,4.0881278538812795,3.484269230769231,5,2,4,5,2,1,2,1,1,1,3.3,129,2,2,0,FALSE,FALSE,FALSE,TRUE,FALSE,FALSE,TRUE,FALSE,FALSE,FALSE,FALSE,TRUE,FALSE
37.4,1,1,12.6,40,4,4,0.92442801,2,1,1,1,2.837899543,1.9748461538461537,1.7773615384615389,1,1,1,1,1,1,1,1,2,2.3,127,2,1,0,FALSE,FALSE,FALSE,TRUE,FALSE,TRUE,FALSE,FALSE,FALSE,TRUE,FALSE,TRUE,FALSE
36,2,2,10.1,46,4,9.2,1.0630922116940142,4,3,2,2,3.4237442922374437,2.929884615384616,4.394826923076924,2,2,3,2,1,2,1,1,1,4.6,151,2,2,0,FALSE,FALSE,FALSE,TRUE,FALSE,FALSE,TRUE,FALSE,FALSE,FALSE,FALSE,TRUE,FALSE
61.1,2,1,13.1,45,4,9,1.0399815114397966,4,3,2,2,3.5607305936073055,3.1010384615384616,4.6515576923076924,2,3,5,2,1,1,1,2,1,4.6,134,2,2,0,FALSE,FALSE,FALSE,TRUE,FALSE,FALSE,FALSE,FALSE,TRUE,FALSE,FALSE,TRUE,FALSE
55.6,2,1,13.6,50,4,10,1.155535012710885,4,3,2,2,3.5835616438356164,3.081230769230769,4.621846153846152,2,3,4,2,1,1,1,2,1,4.6,117,2,2,0,FALSE,FALSE,FALSE,TRUE,FALSE,FALSE,FALSE,FALSE,TRUE,FALSE,FALSE,TRUE,FALSE
53.2,1,2,10.2,55,4,11,1.2710885139819736,4,3,1,2,2.828310502,3.0174230769230768,3.1682942307692312,1,,,,1,1,1,2,1,3.3,93,2,2,1,FALSE,FALSE,FALSE,TRUE,TRUE,FALSE,FALSE,FALSE,TRUE,FALSE,FALSE,TRUE,FALSE
35,1,1,9.6,51,4,,1.178645712965103,4,0,1,2,3.4374429223744287,,,,,,,1,1,2,1,1,3.3,127,2,,0,FALSE,FALSE,FALSE,TRUE,TRUE,FALSE,FALSE,TRUE,FALSE,FALSE,FALSE,TRUE,FALSE
70,2,2,10.4,39,4,7.8,0.9013173099144904,4,3,2,2,3.4374429223744287,3.104,4.656000000000001,2,3,3,2,1,1,1,2,1,4.6,153,2,2,0,FALSE,FALSE,FALSE,TRUE,FALSE,FALSE,FALSE,FALSE,TRUE,FALSE,FALSE,TRUE,FALSE
55.6,2,1,13.6,45,4,9,1.0399815114397966,4,3,1,2,2.783561643835617,3.0817307692307687,3.235817307692308,1,,,,1,1,1,2,1,4.6,114,2,2,2,FALSE,FALSE,FALSE,TRUE,TRUE,FALSE,FALSE,FALSE,TRUE,FALSE,FALSE,TRUE,FALSE
50.4,2,2,10.4,52,4,5.2,1.2017564132193204,2,1,1,1,2.737442922,2.006,1.8054,1,1,1,1,1,1,1,1,2,3.6,89,2,1,0,FALSE,FALSE,FALSE,TRUE,FALSE,TRUE,FALSE,FALSE,FALSE,TRUE,FALSE,TRUE,FALSE
44.8,2,1,11.1,43,4,8.6,0.9937601109313612,4,3,2,2,3.469406392694064,2.989269230769231,4.483903846153846,2,3,4,2,1,1,1,2,1,4.6,137,2,2,0,FALSE,FALSE,FALSE,TRUE,FALSE,FALSE,FALSE,FALSE,TRUE,FALSE,FALSE,TRUE,FALSE
35.7,2,1,12.4,44,4,8.8,1.0168708111855789,4,3,2,2,3.528767123287671,2.963769230769231,4.4456538461538475,2,2,2,1,1,1,1,2,1,4.6,121,2,2,0,FALSE,FALSE,FALSE,TRUE,FALSE,FALSE,FALSE,FALSE,TRUE,FALSE,FALSE,TRUE,FALSE
54.3,2,1,12.4,46,4,9.2,1.0630922116940142,4,3,2,2,3.528767123287671,3.056769230769231,4.5851538461538475,2,3,4,2,1,2,1,1,1,4.6,154,2,2,0,FALSE,FALSE,FALSE,TRUE,FALSE,FALSE,TRUE,FALSE,FALSE,FALSE,FALSE,TRUE,FALSE
40.2,2,2,8.2,35,4,,0.8088745088976195,4,0,1,2,3.4374429223744287,,,,,,,1,1,1,1,2,4.6,106,2,,0,FALSE,FALSE,FALSE,TRUE,TRUE,FALSE,FALSE,FALSE,FALSE,TRUE,FALSE,TRUE,FALSE
48.9,2,1,10,38,4,5.7,0.8782066096602726,2,2,1,2,2.919178082191781,2.4928461538461537,2.467917692307692,1,2,1,1,1,1,1,1,2,3.6,126,2,1,0,FALSE,FALSE,FALSE,TRUE,TRUE,FALSE,FALSE,FALSE,FALSE,TRUE,FALSE,TRUE,FALSE
35.5,1,1,11.2,43,4,8.6,0.9937601109313612,4,3,2,2,3.473972602739725,2.943807692307693,4.4157115384615375,2,2,4,2,1,1,1,2,1,3.3,145,2,2,0,FALSE,FALSE,FALSE,TRUE,FALSE,FALSE,FALSE,FALSE,TRUE,FALSE,FALSE,TRUE,FALSE
34.4,1,1,11,37,4,7.4,0.855095909,4,3,2,2,3.4648401826484014,2.935230769230769,4.402846153846154,2,2,2,1,1,2,1,1,1,3.3,123,2,2,0,FALSE,FALSE,FALSE,TRUE,FALSE,FALSE,TRUE,FALSE,FALSE,FALSE,FALSE,TRUE,FALSE
42.3,2,1,9.7,35,4,,0.8088745088976195,4,0,1,2,3.4374429223744287,,,,,,,1,1,1,1,2,4.6,108,2,,0,FALSE,FALSE,FALSE,TRUE,TRUE,FALSE,FALSE,FALSE,FALSE,TRUE,FALSE,TRUE,FALSE
36.1,1,2,12.7,48,4,9.6,1.1093136122024496,4,3,2,2,3.5424657534246577,2.969884615384616,4.454826923076924,2,2,3,2,1,1,1,2,1,3.3,116,2,2,0,FALSE,FALSE,FALSE,TRUE,FALSE,FALSE,FALSE,FALSE,TRUE,FALSE,FALSE,TRUE,FALSE
56.7,2,1,18.7,46,4,11.5,1.0630922116940142,4,4,2,2,4.316438356164383,3.665692307692308,5,2,4,5,2,1,2,1,1,1,4.6,149,2,2,0,FALSE,FALSE,FALSE,TRUE,FALSE,FALSE,TRUE,FALSE,FALSE,FALSE,FALSE,TRUE,FALSE
35.4,1,2,14,39,4,7.8,0.9013173099144904,4,3,2,2,3.601826484018265,2.9863846153846154,4.479576923076923,2,2,4,2,1,1,1,2,1,3.3,135,2,2,0,FALSE,FALSE,FALSE,TRUE,FALSE,FALSE,FALSE,FALSE,TRUE,FALSE,FALSE,TRUE,FALSE
59.4,1,1,10,44,4,8.8,1.0168708111855789,4,3,2,2,3.419178082191781,3.0448461538461538,4.567269230769231,2,3,4,2,1,1,1,2,1,3.3,144,2,2,0,FALSE,FALSE,FALSE,TRUE,FALSE,FALSE,FALSE,FALSE,TRUE,FALSE,FALSE,TRUE,FALSE
33.3,1,2,13.2,43,4,8.6,0.9937601109313612,4,3,2,2,3.5698630136986296,2.965615384615385,4.448423076923078,2,2,3,2,1,1,1,2,1,3.3,98,2,2,0,FALSE,FALSE,FALSE,TRUE,FALSE,FALSE,FALSE,FALSE,TRUE,FALSE,FALSE,TRUE,FALSE
35.2,2,1,12.6,49,4,9.8,1.1324243124566673,4,3,2,2,3.5378995433789955,2.964346153846154,4.446519230769232,2,1,3,2,1,2,1,1,1,4.6,149,2,2,0,FALSE,FALSE,FALSE,TRUE,FALSE,FALSE,TRUE,FALSE,FALSE,FALSE,FALSE,TRUE,FALSE
58.5,1,2,10.4,69,5,13.8,0.9857142857142857,4,3,1,2,3.4374429223744287,3.347,3.5143500000000003,1,3,3,1,1,2,1,1,1,3.3,130,2,2,0,FALSE,FALSE,FALSE,TRUE,TRUE,FALSE,TRUE,FALSE,FALSE,FALSE,FALSE,TRUE,FALSE
34.4,1,1,10.4,44,4,8.8,0.8979591836734693,4,3,2,2,3.4374429223744287,2.9265000000000003,4.38975,2,2,3,2,1,1,1,2,1,3.3,149,2,2,0,FALSE,FALSE,FALSE,TRUE,FALSE,FALSE,FALSE,FALSE,TRUE,FALSE,FALSE,TRUE,FALSE
34.9,1,1,12.9,40,4,8,0.8163265306122449,4,3,1,2,2.7515981735159816,2.9669615384615384,3.115309615384616,1,,,,1,2,1,1,1,3.3,106,2,2,2,FALSE,FALSE,FALSE,TRUE,TRUE,FALSE,TRUE,FALSE,FALSE,FALSE,FALSE,TRUE,FALSE
40.1,2,1,10.4,40,4,6,0.8163265306122449,3,2,1,2,2.9374429223744287,2.455,2.43045,1,1,1,1,1,1,1,1,2,4.1,120,2,1,0,FALSE,FALSE,FALSE,TRUE,TRUE,FALSE,FALSE,FALSE,FALSE,TRUE,FALSE,TRUE,FALSE
45.3,1,1,9.9,27,2,5.4,0.7714285714285714,3,3,1,2,3.4146118721461187,2.373307692307693,2.491973076923077,1,,,,1,1,1,2,1,2.8,95,1,1,0,FALSE,TRUE,FALSE,FALSE,TRUE,FALSE,FALSE,FALSE,TRUE,FALSE,FALSE,FALSE,TRUE
37.5,1,1,10.9,56,2,14,1.6,4,4,2,2,3.960273973,2.849192307692308,4.359264230769231,2,,,,1,1,2,1,1,3.5,107,1,1,0,FALSE,TRUE,FALSE,FALSE,FALSE,FALSE,FALSE,TRUE,FALSE,FALSE,FALSE,FALSE,TRUE
45.2,1,1,12.7,38,2,9.5,1.0857142857142856,4,4,2,2,4.042465753424658,2.9158846153846154,4.461303461538462,2,,,,1,1,1,1,2,3.5,161,1,1,0,FALSE,TRUE,FALSE,FALSE,FALSE,FALSE,FALSE,FALSE,FALSE,TRUE,FALSE,FALSE,TRUE
37.4,1,1,13.4,38.5,2,5.775,1.1,2,2,1,1,2.274429223744292,1.8871538461538464,1.868282307692308,1,,,,1,1,1,1,2,2,127,1,1,1,FALSE,TRUE,FALSE,FALSE,FALSE,TRUE,FALSE,FALSE,FALSE,TRUE,FALSE,FALSE,TRUE
36.9,1,1,10.9,35.5,2,7.1000000000000005,1.0142857142857142,3,3,1,2,3.460273973,2.346192307692308,2.4635019230769237,1,,,,1,2,1,1,1,2.8,108,1,1,0,FALSE,TRUE,FALSE,FALSE,TRUE,FALSE,TRUE,FALSE,FALSE,FALSE,FALSE,FALSE,TRUE
45.6,2,1,12.9,32,2,8,0.9142857142857141,4,4,2,2,3.2515981735159816,2.9204615384615384,3.714827076923077,1,,,,1,2,1,1,1,4,139,1,1,2,FALSE,TRUE,FALSE,FALSE,FALSE,FALSE,TRUE,FALSE,FALSE,FALSE,FALSE,FALSE,TRUE
38.2,1,2,11.9,29,2,5.800000000000001,0.8285714285714286,3,3,1,2,3.5059360730593605,2.368076923076923,2.486480769230769,1,,,,1,1,1,2,1,2.8,122,1,1,0,FALSE,TRUE,FALSE,FALSE,TRUE,FALSE,FALSE,FALSE,TRUE,FALSE,FALSE,FALSE,TRUE
41.4,2,1,10.2,28,2,8.4,0.8,4,5,2,2,4.428310502283105,3.357923076923077,5,2,,,,1,2,1,1,1,4,183,1,1,0,FALSE,TRUE,FALSE,FALSE,FALSE,FALSE,TRUE,FALSE,FALSE,FALSE,FALSE,FALSE,TRUE
41.3,2,1,11.6,25,2,5,0.7142857142857143,3,3,1,2,2.6922374429223743,2.378961538,2.497909615384615,1,,,,1,1,1,2,1,3.3,135,1,1,2,FALSE,TRUE,FALSE,FALSE,TRUE,FALSE,FALSE,FALSE,TRUE,FALSE,FALSE,FALSE,TRUE
57.8,2,1,13.1,40,4,8,1,3,3,2,2,3.5607305936073055,3.0850384615384616,4.627557692307692,2,3,4,2,1,1,1,2,1,4.1,92,2,2,0,FALSE,TRUE,FALSE,FALSE,FALSE,FALSE,FALSE,FALSE,TRUE,FALSE,FALSE,TRUE,FALSE
49.7,2,2,8.7,30,4,,0.8571428571428571,5,0,1,2,3.4374429223744287,,,,,,,1,2,1,1,1,5,108,1,,0,TRUE,FALSE,FALSE,FALSE,TRUE,FALSE,TRUE,FALSE,FALSE,FALSE,FALSE,TRUE,FALSE
